# Blender 4.3.2
# www.blender.org
mtllib title.mtl
o Text
v -21.235191 -0.000000 -1.399996
v -18.043186 3.675000 -1.399996
v -18.043186 -0.000000 -1.399996
v -17.399189 -0.000000 -1.399996
v -17.399189 4.774000 -1.399996
v -17.945187 4.774000 -1.399996
v -21.179188 1.078000 -1.399996
v -21.179188 4.774000 -1.399996
v -21.823189 4.774000 -1.399996
v -21.823189 -0.000000 -1.399996
v -16.181190 -0.000000 -1.399996
v -15.544189 1.407000 -1.399996
v -13.514191 1.407000 -1.399996
v -12.912189 -0.000000 -1.399996
v -12.212189 -0.000000 -1.399997
v -14.263191 4.802001 -1.399997
v -14.746189 4.802001 -1.399997
v -16.881187 -0.000000 -1.399996
v -15.264191 2.023000 -1.399996
v -14.494190 3.752000 -1.399996
v -13.780190 2.023000 -1.399996
v -11.022190 -0.000000 -1.399997
v -11.022190 3.717000 -1.399997
v -11.008190 3.717000 -1.399997
v -9.538189 1.869000 -1.399997
v -9.426189 1.869000 -1.399997
v -7.956188 3.717000 -1.399997
v -7.942188 3.717000 -1.399997
v -7.942188 -0.000000 -1.399997
v -7.256187 -0.000000 -1.399997
v -7.256187 4.774000 -1.399997
v -7.900188 4.774000 -1.399997
v -9.482185 2.814000 -1.399997
v -11.071190 4.774000 -1.399997
v -11.708191 4.774000 -1.399997
v -11.708191 -0.000000 -1.399997
v -6.310589 1.592277 -1.399997
v -6.266754 1.326468 -1.399997
v -6.193607 1.079859 -1.399997
v -6.091076 0.853741 -1.399997
v -5.959084 0.649400 -1.399997
v -5.797562 0.468125 -1.399997
v -5.606434 0.311204 -1.399997
v -5.385632 0.179926 -1.399997
v -5.135078 0.075578 -1.399997
v -4.854702 -0.000551 -1.399997
v -4.544430 -0.047173 -1.399997
v -4.204189 -0.063000 -1.399997
v -3.953325 -0.051091 -1.399997
v -3.706932 -0.014973 -1.399997
v -3.468315 0.045937 -1.399997
v -3.240784 0.132222 -1.399997
v -3.027641 0.244465 -1.399997
v -2.832191 0.383250 -1.399997
v -2.657742 0.549160 -1.399997
v -2.507599 0.742778 -1.399997
v -2.385065 0.964687 -1.399997
v -2.293447 1.215472 -1.399997
v -2.236053 1.495715 -1.399997
v -2.216187 1.806000 -1.399997
v -2.216187 4.774000 -1.399998
v -2.902187 4.774000 -1.399997
v -2.902187 1.953000 -1.399997
v -2.903688 1.824634 -1.399997
v -2.908375 1.708324 -1.399997
v -2.916513 1.603000 -1.399997
v -2.928370 1.507592 -1.399997
v -2.944214 1.421032 -1.399997
v -2.964312 1.342250 -1.399997
v -2.988928 1.270176 -1.399997
v -3.018333 1.203741 -1.399997
v -3.052795 1.141875 -1.399997
v -3.092579 1.083509 -1.399997
v -3.137953 1.027574 -1.399997
v -3.189186 0.973000 -1.399997
v -3.258894 0.907663 -1.399997
v -3.331520 0.848134 -1.399997
v -3.407063 0.794391 -1.399997
v -3.485521 0.746407 -1.399997
v -3.566895 0.704160 -1.399997
v -3.651186 0.667625 -1.399997
v -3.738394 0.636777 -1.399997
v -3.828520 0.611593 -1.399997
v -3.921562 0.592047 -1.399997
v -4.017523 0.578116 -1.399997
v -4.116398 0.569775 -1.399997
v -4.218189 0.567000 -1.399997
v -4.346369 0.570431 -1.399997
v -4.468374 0.580449 -1.399997
v -4.584158 0.596641 -1.399997
v -4.693670 0.618593 -1.399997
v -4.796864 0.645892 -1.399997
v -4.893688 0.678125 -1.399997
v -4.984097 0.714879 -1.399997
v -5.068041 0.755741 -1.399997
v -5.145470 0.800297 -1.399997
v -5.216335 0.848134 -1.399997
v -5.280592 0.898840 -1.399997
v -5.338188 0.952000 -1.399997
v -5.395575 1.015434 -1.399997
v -5.445553 1.083218 -1.399997
v -5.488579 1.155328 -1.399997
v -5.525114 1.231741 -1.399997
v -5.555622 1.312431 -1.399997
v -5.580563 1.397375 -1.399997
v -5.600399 1.486548 -1.399997
v -5.615593 1.579926 -1.399997
v -5.626608 1.677484 -1.399997
v -5.633905 1.779199 -1.399997
v -5.637943 1.885046 -1.399997
v -5.639191 1.995000 -1.399997
v -5.639191 4.774000 -1.399997
v -6.325188 4.774000 -1.399997
v -6.325188 1.876000 -1.399997
v 0.462032 4.763468 -1.399998
v 0.244247 4.732325 -1.399998
v 0.043282 4.681251 -1.399998
v -0.140039 4.610926 -1.399998
v -0.304888 4.522033 -1.399998
v -0.450438 4.415250 -1.399998
v -0.575863 4.291260 -1.399998
v -0.680336 4.150741 -1.399998
v -0.763031 3.994375 -1.399998
v -0.823122 3.822843 -1.399998
v -0.859783 3.636824 -1.399998
v -0.872187 3.437000 -1.399998
v -0.866243 3.301708 -1.399998
v -0.848562 3.172491 -1.399998
v -0.819359 3.049594 -1.399998
v -0.778854 2.933259 -1.399998
v -0.727266 2.823730 -1.399998
v -0.664812 2.721250 -1.399998
v -0.591713 2.626061 -1.399998
v -0.508186 2.538408 -1.399998
v -0.414454 2.458531 -1.399998
v -0.310730 2.386676 -1.399998
v -0.197233 2.323085 -1.399998
v -0.074186 2.268000 -1.399998
v -0.179340 2.193042 -1.399998
v -0.278419 2.111667 -1.399998
v -0.372343 2.023875 -1.399998
v -0.462038 1.929667 -1.399998
v -0.548428 1.829042 -1.399998
v -0.632437 1.722000 -1.399998
v -0.714987 1.608542 -1.399998
v -0.797001 1.488667 -1.399998
v -0.879406 1.362375 -1.399998
v -0.963121 1.229667 -1.399997
v -1.049076 1.090542 -1.399997
v -1.138187 0.945000 -1.399997
v -1.187359 0.865983 -1.399997
v -1.234047 0.792361 -1.399997
v -1.279282 0.722531 -1.399997
v -1.324078 0.654889 -1.399997
v -1.369455 0.587830 -1.399997
v -1.416437 0.519750 -1.399997
v -1.466043 0.449045 -1.399997
v -1.519299 0.374111 -1.399997
v -1.577219 0.293344 -1.399997
v -1.640827 0.205139 -1.399997
v -1.711142 0.107892 -1.399997
v -1.789188 -0.000000 -1.399997
v -0.970186 -0.000000 -1.399997
v -0.340187 0.980000 -1.399998
v -0.189596 1.207354 -1.399998
v -0.051889 1.401166 -1.399998
v 0.074345 1.564062 -1.399998
v 0.190517 1.698666 -1.399998
v 0.298037 1.807604 -1.399998
v 0.398312 1.893500 -1.399998
v 0.492756 1.958979 -1.399998
v 0.582775 2.006667 -1.399998
v 0.669783 2.039188 -1.399998
v 0.755184 2.059167 -1.399998
v 0.840391 2.069229 -1.399998
v 0.926813 2.072000 -1.399998
v 1.213814 2.072000 -1.399998
v 1.213814 -0.000000 -1.399998
v 1.899815 -0.000000 -1.399998
v 1.899815 4.774000 -1.399998
v 0.695812 4.774000 -1.399998
v 0.772814 2.688000 -1.399998
v 0.599825 2.695668 -1.399998
v 0.447639 2.717847 -1.399998
v 0.315189 2.753297 -1.399998
v 0.201406 2.800778 -1.399998
v 0.105221 2.859050 -1.399998
v 0.025564 2.926875 -1.399998
v -0.038635 3.003012 -1.399998
v -0.088446 3.086222 -1.399998
v -0.124937 3.175266 -1.399998
v -0.149178 3.268903 -1.399998
v -0.162237 3.365894 -1.399998
v -0.165186 3.465000 -1.399998
v -0.157959 3.573297 -1.399998
v -0.139454 3.673963 -1.399998
v -0.109186 3.766656 -1.399998
v -0.066666 3.851037 -1.399998
v -0.011412 3.926765 -1.399998
v 0.057064 3.993500 -1.399998
v 0.139250 4.050902 -1.399998
v 0.235628 4.098630 -1.399998
v 0.346689 4.136344 -1.399998
v 0.472916 4.163704 -1.399998
v 0.614794 4.180369 -1.399998
v 0.772814 4.186000 -1.399998
v 1.213814 4.186000 -1.399998
v 1.213814 2.688000 -1.399998
v 3.138813 -0.000000 -1.399998
v 3.775814 1.407000 -1.399998
v 5.805813 1.407000 -1.399998
v 6.407814 -0.000000 -1.399998
v 7.107813 -0.000000 -1.399998
v 5.056814 4.802001 -1.399998
v 4.573814 4.802001 -1.399998
v 2.438812 -0.000000 -1.399998
v 4.055813 2.023000 -1.399998
v 4.825813 3.752000 -1.399998
v 5.539814 2.023000 -1.399998
v 9.137814 4.774000 -1.399999
v 8.892729 4.761531 -1.399999
v 8.671635 4.725584 -1.399999
v 8.474018 4.668344 -1.399999
v 8.299372 4.592000 -1.399998
v 8.147182 4.498739 -1.399998
v 8.016939 4.390750 -1.399998
v 7.908136 4.270219 -1.399998
v 7.820259 4.139333 -1.399998
v 7.752798 4.000281 -1.399998
v 7.705244 3.855250 -1.399998
v 7.677086 3.706427 -1.399998
v 7.667812 3.556000 -1.399998
v 7.672644 3.435363 -1.399998
v 7.687223 3.321824 -1.399998
v 7.711670 3.215188 -1.399998
v 7.746107 3.115259 -1.399998
v 7.790657 3.021845 -1.399998
v 7.845438 2.934750 -1.399998
v 7.910572 2.853780 -1.399998
v 7.986183 2.778741 -1.399998
v 8.072392 2.709438 -1.399998
v 8.169319 2.645676 -1.399998
v 8.277084 2.587262 -1.399998
v 8.395813 2.534000 -1.399998
v 8.395813 2.520000 -1.399998
v 8.223236 2.479843 -1.399998
v 8.062860 2.426245 -1.399998
v 7.915220 2.359766 -1.399998
v 7.780851 2.280963 -1.399998
v 7.660288 2.190396 -1.399998
v 7.554064 2.088625 -1.399998
v 7.462715 1.976208 -1.399998
v 7.386776 1.853704 -1.399998
v 7.326782 1.721672 -1.399998
v 7.283266 1.580671 -1.399998
v 7.256765 1.431261 -1.399998
v 7.247814 1.274000 -1.399998
v 7.257179 1.125412 -1.399998
v 7.286018 0.975463 -1.399998
v 7.335419 0.826875 -1.399998
v 7.406477 0.682370 -1.399998
v 7.500284 0.544671 -1.399998
v 7.617935 0.416500 -1.399998
v 7.760525 0.300579 -1.399998
v 7.929144 0.199630 -1.399998
v 8.124889 0.116375 -1.399998
v 8.348854 0.053537 -1.399998
v 8.602131 0.013838 -1.399998
v 8.885813 -0.000000 -1.399998
v 10.523813 -0.000000 -1.399998
v 10.523813 4.774000 -1.399999
v 9.382814 2.730000 -1.399999
v 9.220345 2.735254 -1.399998
v 9.072384 2.751032 -1.399998
v 8.938860 2.777359 -1.399998
v 8.819702 2.814259 -1.399998
v 8.714836 2.861756 -1.399998
v 8.624187 2.919875 -1.399998
v 8.547686 2.988639 -1.399998
v 8.485258 3.068074 -1.399998
v 8.436829 3.158203 -1.399998
v 8.402328 3.259051 -1.399998
v 8.381680 3.370642 -1.399998
v 8.374813 3.493000 -1.399998
v 8.379173 3.581079 -1.399998
v 8.392769 3.666218 -1.399998
v 8.416376 3.747516 -1.399998
v 8.450777 3.824074 -1.399998
v 8.496748 3.894994 -1.399998
v 8.555065 3.959375 -1.399998
v 8.626507 4.016319 -1.399998
v 8.711851 4.064926 -1.399999
v 8.811876 4.104297 -1.399999
v 8.927361 4.133533 -1.399999
v 9.059080 4.151733 -1.399999
v 9.207813 4.158000 -1.399999
v 9.837812 4.158000 -1.399999
v 9.837812 2.730000 -1.399999
v 8.976814 0.616000 -1.399998
v 8.787600 0.624057 -1.399998
v 8.621597 0.647208 -1.399998
v 8.477518 0.683922 -1.399998
v 8.354074 0.732667 -1.399998
v 8.249977 0.791912 -1.399998
v 8.163939 0.860125 -1.399998
v 8.094671 0.935776 -1.399998
v 8.040888 1.017333 -1.399998
v 8.001297 1.103266 -1.399998
v 7.974613 1.192042 -1.399998
v 7.959549 1.282130 -1.399998
v 7.954815 1.372000 -1.399998
v 7.961845 1.477770 -1.399998
v 7.983044 1.577657 -1.399998
v 8.018581 1.671031 -1.399998
v 8.068632 1.757259 -1.399998
v 8.133362 1.835709 -1.399998
v 8.212940 1.905750 -1.399998
v 8.307543 1.966749 -1.399998
v 8.417336 2.018074 -1.399998
v 8.542488 2.059094 -1.399998
v 8.683172 2.089176 -1.399998
v 8.839558 2.107689 -1.399998
v 9.011814 2.114000 -1.399998
v 9.837812 2.114000 -1.399999
v 9.837812 0.616000 -1.399998
v 12.161815 -0.000000 -1.399999
v 15.353814 3.675000 -1.399999
v 15.353814 -0.000000 -1.399999
v 15.997814 -0.000000 -1.399999
v 15.997814 4.774000 -1.399999
v 15.451815 4.774000 -1.399999
v 12.217813 1.078000 -1.399999
v 12.217813 4.774000 -1.399999
v 11.573813 4.774000 -1.399999
v 11.573813 -0.000000 -1.399999
v 17.215815 -0.000000 -1.399999
v 17.852814 1.407000 -1.399999
v 19.882814 1.407000 -1.399999
v 20.484814 -0.000000 -1.399999
v 21.184814 -0.000000 -1.399999
v 19.133816 4.802001 -1.399999
v 18.650814 4.802001 -1.399999
v 16.515814 -0.000000 -1.399999
v 18.132814 2.023000 -1.399999
v 18.902815 3.752000 -1.399999
v 19.616814 2.023000 -1.399999
v 21.810740 0.262468 -1.399999
v 21.963631 0.202741 -1.399999
v 22.113409 0.149625 -1.399999
v 22.261000 0.102926 -1.399999
v 22.407328 0.062449 -1.399999
v 22.553314 0.028000 -1.399999
v 22.699884 -0.000616 -1.399999
v 22.847963 -0.023593 -1.399999
v 22.998470 -0.041125 -1.400000
v 23.152332 -0.053407 -1.400000
v 23.310472 -0.060634 -1.400000
v 23.473814 -0.063000 -1.400000
v 23.831142 -0.042081 -1.400000
v 24.170023 0.019186 -1.400000
v 24.488049 0.118563 -1.400000
v 24.782814 0.253815 -1.400000
v 25.051914 0.422706 -1.400000
v 25.292940 0.623000 -1.400000
v 25.503487 0.852461 -1.400000
v 25.681149 1.108852 -1.400000
v 25.823517 1.389938 -1.400000
v 25.928190 1.693482 -1.400000
v 25.992758 2.017248 -1.400000
v 26.014814 2.359000 -1.400000
v 25.992210 2.703325 -1.400000
v 25.926147 3.031097 -1.400000
v 25.819252 3.339766 -1.400000
v 25.674149 3.626778 -1.400000
v 25.493460 3.889582 -1.400000
v 25.279816 4.125626 -1.400000
v 25.035835 4.332356 -1.400000
v 24.764149 4.507223 -1.400000
v 24.467377 4.647672 -1.400000
v 24.148148 4.751153 -1.400000
v 23.809086 4.815113 -1.400000
v 23.452814 4.837000 -1.400000
v 23.316010 4.835028 -1.400000
v 23.184383 4.828801 -1.400000
v 23.056110 4.817860 -1.400000
v 22.929369 4.801741 -1.400000
v 22.802338 4.779984 -1.400000
v 22.673189 4.752126 -1.400000
v 22.540104 4.717705 -1.400000
v 22.401258 4.676260 -1.400000
v 22.254829 4.627328 -1.400000
v 22.098995 4.570449 -1.400000
v 21.931931 4.505160 -1.400000
v 21.751814 4.431000 -1.400000
v 21.751814 3.738000 -1.400000
v 21.892235 3.811930 -1.400000
v 22.033436 3.879685 -1.400000
v 22.175314 3.941219 -1.400000
v 22.317778 3.996482 -1.400000
v 22.460726 4.045425 -1.400000
v 22.604065 4.088000 -1.400000
v 22.747694 4.124159 -1.400000
v 22.891518 4.153852 -1.400000
v 23.035439 4.177032 -1.400000
v 23.179361 4.193648 -1.400000
v 23.323185 4.203654 -1.400000
v 23.466814 4.207000 -1.400000
v 23.720669 4.190837 -1.400000
v 23.962908 4.143611 -1.400000
v 24.191532 4.067219 -1.400000
v 24.404556 3.963556 -1.400000
v 24.599979 3.834518 -1.400000
v 24.775814 3.682001 -1.400000
v 24.930065 3.507900 -1.400000
v 25.060741 3.314111 -1.400000
v 25.165846 3.102532 -1.400000
v 25.243389 2.875056 -1.400000
v 25.291376 2.633580 -1.400000
v 25.307816 2.380000 -1.400000
v 25.291458 2.120814 -1.400000
v 25.243454 1.876259 -1.400000
v 25.165409 1.647844 -1.400000
v 25.058926 1.437074 -1.400000
v 24.925610 1.245457 -1.400000
v 24.767065 1.074500 -1.400000
v 24.584894 0.925709 -1.400000
v 24.380703 0.800593 -1.400000
v 24.156096 0.700656 -1.400000
v 23.912676 0.627407 -1.400000
v 23.652046 0.582353 -1.400000
v 23.375814 0.567000 -1.400000
v 23.283777 0.568714 -1.400000
v 23.193102 0.573708 -1.400000
v 23.103689 0.581766 -1.400000
v 23.015444 0.592667 -1.400000
v 22.928268 0.606193 -1.400000
v 22.842064 0.622125 -1.400000
v 22.756737 0.640245 -1.400000
v 22.672184 0.660333 -1.400000
v 22.588314 0.682172 -1.399999
v 22.505028 0.705542 -1.399999
v 22.422226 0.730224 -1.399999
v 22.339813 0.756000 -1.399999
v 22.339813 1.736000 -1.400000
v 23.256815 1.736000 -1.400000
v 23.256815 2.352000 -1.400000
v 21.653814 2.352000 -1.399999
v 21.653814 0.329000 -1.399999
v -21.235191 0.000000 1.400004
v -18.043186 3.675000 1.400004
v -18.043186 0.000000 1.400004
v -17.399189 0.000000 1.400004
v -17.399189 4.774000 1.400003
v -17.945187 4.774000 1.400004
v -21.179188 1.078000 1.400004
v -21.179188 4.774000 1.400004
v -21.823189 4.774000 1.400004
v -21.823189 0.000000 1.400004
v -16.181190 0.000000 1.400004
v -15.544189 1.407000 1.400003
v -13.514191 1.407000 1.400003
v -12.912189 0.000000 1.400003
v -12.212189 0.000000 1.400003
v -14.263191 4.802001 1.400003
v -14.746189 4.802001 1.400003
v -16.881187 0.000000 1.400004
v -15.264191 2.023000 1.400003
v -14.494190 3.752000 1.400003
v -13.780190 2.023000 1.400003
v -11.022190 0.000000 1.400003
v -11.022190 3.717000 1.400003
v -11.008190 3.717000 1.400003
v -9.538189 1.869000 1.400003
v -9.426189 1.869000 1.400003
v -7.956188 3.717000 1.400003
v -7.942188 3.717000 1.400003
v -7.942188 0.000000 1.400003
v -7.256187 0.000000 1.400003
v -7.256187 4.774000 1.400003
v -7.900188 4.774000 1.400003
v -9.482185 2.814000 1.400003
v -11.071190 4.774000 1.400003
v -11.708191 4.774000 1.400003
v -11.708191 0.000000 1.400003
v -6.310589 1.592277 1.400003
v -6.266754 1.326468 1.400003
v -6.193607 1.079860 1.400003
v -6.091076 0.853741 1.400003
v -5.959084 0.649400 1.400003
v -5.797562 0.468125 1.400003
v -5.606434 0.311204 1.400003
v -5.385632 0.179926 1.400003
v -5.135078 0.075578 1.400003
v -4.854702 -0.000551 1.400003
v -4.544430 -0.047173 1.400003
v -4.204189 -0.063000 1.400002
v -3.953325 -0.051091 1.400002
v -3.706932 -0.014972 1.400002
v -3.468315 0.045937 1.400002
v -3.240784 0.132222 1.400002
v -3.027641 0.244465 1.400002
v -2.832191 0.383250 1.400002
v -2.657742 0.549160 1.400002
v -2.507599 0.742778 1.400002
v -2.385065 0.964688 1.400002
v -2.293447 1.215472 1.400002
v -2.236053 1.495715 1.400002
v -2.216187 1.806000 1.400002
v -2.216187 4.774000 1.400002
v -2.902187 4.774000 1.400002
v -2.902187 1.953000 1.400002
v -2.903688 1.824634 1.400002
v -2.908375 1.708324 1.400002
v -2.916513 1.603000 1.400002
v -2.928370 1.507593 1.400002
v -2.944214 1.421033 1.400002
v -2.964312 1.342250 1.400002
v -2.988928 1.270176 1.400002
v -3.018333 1.203741 1.400002
v -3.052795 1.141875 1.400002
v -3.092579 1.083509 1.400002
v -3.137953 1.027574 1.400002
v -3.189186 0.973000 1.400002
v -3.258894 0.907663 1.400002
v -3.331520 0.848135 1.400002
v -3.407063 0.794391 1.400002
v -3.485521 0.746408 1.400002
v -3.566895 0.704160 1.400002
v -3.651186 0.667625 1.400002
v -3.738394 0.636777 1.400002
v -3.828520 0.611593 1.400002
v -3.921562 0.592047 1.400002
v -4.017523 0.578116 1.400002
v -4.116398 0.569775 1.400002
v -4.218189 0.567000 1.400002
v -4.346369 0.570431 1.400002
v -4.468374 0.580449 1.400002
v -4.584158 0.596641 1.400002
v -4.693670 0.618593 1.400003
v -4.796864 0.645892 1.400003
v -4.893688 0.678125 1.400003
v -4.984097 0.714879 1.400003
v -5.068041 0.755741 1.400003
v -5.145470 0.800297 1.400003
v -5.216335 0.848134 1.400003
v -5.280592 0.898840 1.400003
v -5.338188 0.952000 1.400003
v -5.395575 1.015434 1.400003
v -5.445553 1.083218 1.400003
v -5.488579 1.155328 1.400003
v -5.525114 1.231741 1.400003
v -5.555622 1.312431 1.400003
v -5.580563 1.397375 1.400003
v -5.600399 1.486548 1.400003
v -5.615593 1.579926 1.400003
v -5.626608 1.677485 1.400003
v -5.633905 1.779199 1.400003
v -5.637943 1.885046 1.400003
v -5.639191 1.995000 1.400003
v -5.639191 4.774000 1.400002
v -6.325188 4.774000 1.400002
v -6.325188 1.876000 1.400003
v 0.462032 4.763468 1.400002
v 0.244247 4.732325 1.400002
v 0.043282 4.681251 1.400002
v -0.140039 4.610926 1.400002
v -0.304888 4.522033 1.400002
v -0.450438 4.415250 1.400002
v -0.575863 4.291260 1.400002
v -0.680336 4.150741 1.400002
v -0.763031 3.994375 1.400002
v -0.823122 3.822843 1.400002
v -0.859783 3.636824 1.400002
v -0.872187 3.437000 1.400002
v -0.866243 3.301708 1.400002
v -0.848562 3.172491 1.400002
v -0.819359 3.049594 1.400002
v -0.778854 2.933259 1.400002
v -0.727266 2.823730 1.400002
v -0.664812 2.721250 1.400002
v -0.591713 2.626061 1.400002
v -0.508186 2.538408 1.400002
v -0.414454 2.458531 1.400002
v -0.310730 2.386676 1.400002
v -0.197233 2.323085 1.400002
v -0.074186 2.268000 1.400002
v -0.179340 2.193042 1.400002
v -0.278419 2.111667 1.400002
v -0.372343 2.023875 1.400002
v -0.462038 1.929667 1.400002
v -0.548428 1.829042 1.400002
v -0.632437 1.722000 1.400002
v -0.714987 1.608542 1.400002
v -0.797001 1.488667 1.400002
v -0.879406 1.362375 1.400002
v -0.963121 1.229667 1.400002
v -1.049076 1.090542 1.400002
v -1.138187 0.945000 1.400002
v -1.187359 0.865983 1.400002
v -1.234047 0.792361 1.400002
v -1.279282 0.722531 1.400002
v -1.324078 0.654889 1.400002
v -1.369455 0.587830 1.400002
v -1.416437 0.519750 1.400002
v -1.466043 0.449045 1.400002
v -1.519299 0.374111 1.400002
v -1.577219 0.293344 1.400002
v -1.640827 0.205139 1.400002
v -1.711142 0.107892 1.400002
v -1.789188 0.000000 1.400002
v -0.970186 0.000000 1.400002
v -0.340187 0.980000 1.400002
v -0.189596 1.207354 1.400002
v -0.051889 1.401167 1.400002
v 0.074345 1.564062 1.400002
v 0.190517 1.698667 1.400002
v 0.298037 1.807604 1.400002
v 0.398312 1.893500 1.400002
v 0.492756 1.958979 1.400002
v 0.582775 2.006667 1.400002
v 0.669783 2.039188 1.400002
v 0.755184 2.059167 1.400002
v 0.840391 2.069229 1.400002
v 0.926813 2.072000 1.400002
v 1.213814 2.072000 1.400002
v 1.213814 0.000000 1.400002
v 1.899815 0.000000 1.400002
v 1.899815 4.774000 1.400002
v 0.695812 4.774000 1.400002
v 0.772814 2.688000 1.400002
v 0.599825 2.695668 1.400002
v 0.447639 2.717847 1.400002
v 0.315189 2.753297 1.400002
v 0.201406 2.800778 1.400002
v 0.105221 2.859050 1.400002
v 0.025564 2.926875 1.400002
v -0.038635 3.003012 1.400002
v -0.088446 3.086222 1.400002
v -0.124937 3.175266 1.400002
v -0.149178 3.268903 1.400002
v -0.162237 3.365894 1.400002
v -0.165186 3.465000 1.400002
v -0.157959 3.573297 1.400002
v -0.139454 3.673963 1.400002
v -0.109186 3.766656 1.400002
v -0.066666 3.851037 1.400002
v -0.011412 3.926765 1.400002
v 0.057064 3.993500 1.400002
v 0.139250 4.050902 1.400002
v 0.235628 4.098630 1.400002
v 0.346689 4.136344 1.400002
v 0.472916 4.163704 1.400002
v 0.614794 4.180369 1.400002
v 0.772814 4.186000 1.400002
v 1.213814 4.186000 1.400002
v 1.213814 2.688000 1.400002
v 3.138813 0.000000 1.400002
v 3.775814 1.407000 1.400002
v 5.805813 1.407000 1.400002
v 6.407814 0.000000 1.400002
v 7.107813 0.000000 1.400002
v 5.056814 4.802001 1.400002
v 4.573814 4.802001 1.400002
v 2.438812 0.000000 1.400002
v 4.055813 2.023000 1.400002
v 4.825813 3.752000 1.400002
v 5.539814 2.023000 1.400002
v 9.137814 4.774000 1.400001
v 8.892729 4.761531 1.400001
v 8.671635 4.725584 1.400001
v 8.474018 4.668344 1.400001
v 8.299372 4.592000 1.400001
v 8.147182 4.498739 1.400001
v 8.016939 4.390750 1.400001
v 7.908136 4.270219 1.400001
v 7.820259 4.139333 1.400001
v 7.752798 4.000281 1.400001
v 7.705244 3.855250 1.400001
v 7.677086 3.706427 1.400001
v 7.667812 3.556000 1.400001
v 7.672644 3.435363 1.400001
v 7.687223 3.321824 1.400001
v 7.711670 3.215188 1.400001
v 7.746107 3.115259 1.400001
v 7.790657 3.021845 1.400001
v 7.845438 2.934750 1.400001
v 7.910572 2.853780 1.400001
v 7.986183 2.778741 1.400001
v 8.072392 2.709438 1.400001
v 8.169319 2.645676 1.400001
v 8.277084 2.587262 1.400001
v 8.395813 2.534000 1.400001
v 8.395813 2.520000 1.400001
v 8.223236 2.479843 1.400001
v 8.062860 2.426245 1.400001
v 7.915220 2.359766 1.400001
v 7.780851 2.280963 1.400001
v 7.660288 2.190396 1.400001
v 7.554064 2.088625 1.400001
v 7.462715 1.976208 1.400001
v 7.386776 1.853704 1.400001
v 7.326782 1.721672 1.400001
v 7.283266 1.580672 1.400001
v 7.256765 1.431261 1.400001
v 7.247814 1.274000 1.400002
v 7.257179 1.125412 1.400002
v 7.286018 0.975463 1.400002
v 7.335419 0.826875 1.400002
v 7.406477 0.682370 1.400002
v 7.500284 0.544671 1.400002
v 7.617935 0.416500 1.400002
v 7.760525 0.300579 1.400002
v 7.929144 0.199630 1.400001
v 8.124889 0.116375 1.400001
v 8.348854 0.053537 1.400001
v 8.602131 0.013838 1.400001
v 8.885813 0.000000 1.400001
v 10.523813 0.000000 1.400001
v 10.523813 4.774000 1.400001
v 9.382814 2.730000 1.400001
v 9.220345 2.735254 1.400001
v 9.072384 2.751032 1.400001
v 8.938860 2.777359 1.400001
v 8.819702 2.814259 1.400001
v 8.714836 2.861756 1.400001
v 8.624187 2.919875 1.400001
v 8.547686 2.988639 1.400001
v 8.485258 3.068074 1.400001
v 8.436829 3.158203 1.400001
v 8.402328 3.259051 1.400001
v 8.381680 3.370642 1.400001
v 8.374813 3.493000 1.400001
v 8.379173 3.581079 1.400001
v 8.392769 3.666218 1.400001
v 8.416376 3.747516 1.400001
v 8.450777 3.824074 1.400001
v 8.496748 3.894994 1.400001
v 8.555065 3.959375 1.400001
v 8.626507 4.016319 1.400001
v 8.711851 4.064926 1.400001
v 8.811876 4.104297 1.400001
v 8.927361 4.133533 1.400001
v 9.059080 4.151733 1.400001
v 9.207813 4.158000 1.400001
v 9.837812 4.158000 1.400001
v 9.837812 2.730000 1.400001
v 8.976814 0.616000 1.400001
v 8.787600 0.624057 1.400001
v 8.621597 0.647208 1.400001
v 8.477518 0.683922 1.400001
v 8.354074 0.732667 1.400001
v 8.249977 0.791912 1.400001
v 8.163939 0.860125 1.400001
v 8.094671 0.935776 1.400001
v 8.040888 1.017334 1.400001
v 8.001297 1.103266 1.400001
v 7.974613 1.192042 1.400001
v 7.959549 1.282130 1.400001
v 7.954815 1.372000 1.400001
v 7.961845 1.477770 1.400001
v 7.983044 1.577658 1.400001
v 8.018581 1.671032 1.400001
v 8.068632 1.757259 1.400001
v 8.133362 1.835710 1.400001
v 8.212940 1.905750 1.400001
v 8.307543 1.966749 1.400001
v 8.417336 2.018074 1.400001
v 8.542488 2.059094 1.400001
v 8.683172 2.089176 1.400001
v 8.839558 2.107689 1.400001
v 9.011814 2.114000 1.400001
v 9.837812 2.114000 1.400001
v 9.837812 0.616000 1.400001
v 12.161815 0.000000 1.400001
v 15.353814 3.675000 1.400001
v 15.353814 0.000000 1.400001
v 15.997814 0.000000 1.400001
v 15.997814 4.774000 1.400001
v 15.451815 4.774000 1.400001
v 12.217813 1.078000 1.400001
v 12.217813 4.774000 1.400001
v 11.573813 4.774000 1.400001
v 11.573813 0.000000 1.400001
v 17.215815 0.000000 1.400001
v 17.852814 1.407000 1.400001
v 19.882814 1.407000 1.400000
v 20.484814 0.000000 1.400000
v 21.184814 0.000000 1.400000
v 19.133816 4.802001 1.400000
v 18.650814 4.802001 1.400000
v 16.515814 0.000000 1.400001
v 18.132814 2.023000 1.400000
v 18.902815 3.752000 1.400000
v 19.616814 2.023000 1.400000
v 21.810740 0.262468 1.400000
v 21.963631 0.202741 1.400000
v 22.113409 0.149625 1.400000
v 22.261000 0.102926 1.400000
v 22.407328 0.062449 1.400000
v 22.553314 0.028000 1.400000
v 22.699886 -0.000616 1.400000
v 22.847963 -0.023593 1.400000
v 22.998470 -0.041125 1.400000
v 23.152332 -0.053407 1.400000
v 23.310474 -0.060634 1.400000
v 23.473816 -0.063000 1.400000
v 23.831142 -0.042080 1.400000
v 24.170023 0.019186 1.400000
v 24.488049 0.118563 1.400000
v 24.782814 0.253815 1.400000
v 25.051914 0.422706 1.400000
v 25.292940 0.623000 1.400000
v 25.503487 0.852461 1.400000
v 25.681149 1.108852 1.400000
v 25.823519 1.389938 1.400000
v 25.928190 1.693482 1.400000
v 25.992758 2.017248 1.400000
v 26.014814 2.359000 1.400000
v 25.992210 2.703325 1.400000
v 25.926147 3.031097 1.400000
v 25.819252 3.339766 1.400000
v 25.674149 3.626778 1.400000
v 25.493462 3.889582 1.400000
v 25.279816 4.125626 1.400000
v 25.035835 4.332356 1.400000
v 24.764149 4.507223 1.400000
v 24.467377 4.647672 1.400000
v 24.148148 4.751153 1.400000
v 23.809086 4.815113 1.400000
v 23.452814 4.837000 1.400000
v 23.316011 4.835028 1.400000
v 23.184383 4.828801 1.400000
v 23.056112 4.817860 1.400000
v 22.929371 4.801741 1.400000
v 22.802338 4.779984 1.400000
v 22.673189 4.752126 1.400000
v 22.540104 4.717705 1.400000
v 22.401258 4.676260 1.400000
v 22.254829 4.627328 1.400000
v 22.098995 4.570449 1.400000
v 21.931931 4.505160 1.400000
v 21.751814 4.431000 1.400000
v 21.751814 3.738000 1.400000
v 21.892235 3.811930 1.400000
v 22.033436 3.879685 1.400000
v 22.175314 3.941219 1.400000
v 22.317778 3.996482 1.400000
v 22.460726 4.045425 1.400000
v 22.604065 4.088000 1.400000
v 22.747694 4.124159 1.400000
v 22.891520 4.153852 1.400000
v 23.035440 4.177032 1.400000
v 23.179361 4.193648 1.400000
v 23.323185 4.203654 1.400000
v 23.466814 4.207000 1.400000
v 23.720671 4.190837 1.400000
v 23.962908 4.143611 1.400000
v 24.191534 4.067219 1.400000
v 24.404556 3.963556 1.400000
v 24.599979 3.834518 1.400000
v 24.775814 3.682001 1.400000
v 24.930065 3.507900 1.400000
v 25.060741 3.314111 1.400000
v 25.165846 3.102532 1.400000
v 25.243389 2.875056 1.400000
v 25.291376 2.633580 1.400000
v 25.307816 2.380000 1.400000
v 25.291458 2.120814 1.400000
v 25.243454 1.876259 1.400000
v 25.165409 1.647844 1.400000
v 25.058926 1.437074 1.400000
v 24.925610 1.245457 1.400000
v 24.767065 1.074500 1.400000
v 24.584894 0.925710 1.400000
v 24.380703 0.800593 1.400000
v 24.156096 0.700656 1.400000
v 23.912676 0.627407 1.400000
v 23.652048 0.582353 1.400000
v 23.375814 0.567000 1.400000
v 23.283777 0.568714 1.400000
v 23.193102 0.573708 1.400000
v 23.103689 0.581766 1.400000
v 23.015446 0.592667 1.400000
v 22.928268 0.606193 1.400000
v 22.842066 0.622125 1.400000
v 22.756737 0.640245 1.400000
v 22.672186 0.660333 1.400000
v 22.588314 0.682172 1.400000
v 22.505028 0.705542 1.400000
v 22.422226 0.730224 1.400000
v 22.339813 0.756000 1.400000
v 22.339813 1.736000 1.400000
v 23.256815 1.736000 1.400000
v 23.256815 2.352000 1.400000
v 21.653814 2.352000 1.400000
v 21.653814 0.329000 1.400000
v 21.810740 0.262468 1.400000
v 21.810740 0.262468 -1.399999
v 21.963631 0.202741 1.400000
v 21.963631 0.202741 -1.399999
v 22.113409 0.149625 1.400000
v 22.113409 0.149625 -1.399999
v 22.261000 0.102926 1.400000
v 22.261000 0.102926 -1.399999
v 22.407328 0.062449 1.400000
v 22.407328 0.062449 -1.399999
v 22.553314 0.028000 1.400000
v 22.553314 0.028000 -1.399999
v 22.699886 -0.000616 1.400000
v 22.699884 -0.000616 -1.399999
v 22.847963 -0.023593 1.400000
v 22.847963 -0.023593 -1.399999
v 22.998470 -0.041125 1.400000
v 22.998470 -0.041125 -1.400000
v 23.152332 -0.053407 1.400000
v 23.152332 -0.053407 -1.400000
v 23.310474 -0.060634 1.400000
v 23.310472 -0.060634 -1.400000
v 23.473816 -0.063000 1.400000
v 23.473814 -0.063000 -1.400000
v 23.831142 -0.042080 1.400000
v 23.831142 -0.042081 -1.400000
v 24.170023 0.019186 1.400000
v 24.170023 0.019186 -1.400000
v 24.488049 0.118563 1.400000
v 24.488049 0.118563 -1.400000
v 24.782814 0.253815 1.400000
v 24.782814 0.253815 -1.400000
v 25.051914 0.422706 1.400000
v 25.051914 0.422706 -1.400000
v 25.292940 0.623000 1.400000
v 25.292940 0.623000 -1.400000
v 25.503487 0.852461 1.400000
v 25.503487 0.852461 -1.400000
v 25.681149 1.108852 1.400000
v 25.681149 1.108852 -1.400000
v 25.823519 1.389938 1.400000
v 25.823517 1.389938 -1.400000
v 25.928190 1.693482 1.400000
v 25.928190 1.693482 -1.400000
v 25.992758 2.017248 1.400000
v 25.992758 2.017248 -1.400000
v 26.014814 2.359000 1.400000
v 26.014814 2.359000 -1.400000
v 25.992210 2.703325 1.400000
v 25.992210 2.703325 -1.400000
v 25.926147 3.031097 1.400000
v 25.926147 3.031097 -1.400000
v 25.819252 3.339766 1.400000
v 25.819252 3.339766 -1.400000
v 25.674149 3.626778 1.400000
v 25.674149 3.626778 -1.400000
v 25.493462 3.889582 1.400000
v 25.493460 3.889582 -1.400000
v 25.279816 4.125626 1.400000
v 25.279816 4.125626 -1.400000
v 25.035835 4.332356 1.400000
v 25.035835 4.332356 -1.400000
v 24.764149 4.507223 1.400000
v 24.764149 4.507223 -1.400000
v 24.467377 4.647672 1.400000
v 24.467377 4.647672 -1.400000
v 24.148148 4.751153 1.400000
v 24.148148 4.751153 -1.400000
v 23.809086 4.815113 1.400000
v 23.809086 4.815113 -1.400000
v 23.452814 4.837000 1.400000
v 23.452814 4.837000 -1.400000
v 23.316011 4.835028 1.400000
v 23.316010 4.835028 -1.400000
v 23.184383 4.828801 1.400000
v 23.184383 4.828801 -1.400000
v 23.056112 4.817860 1.400000
v 23.056110 4.817860 -1.400000
v 22.929371 4.801741 1.400000
v 22.929369 4.801741 -1.400000
v 22.802338 4.779984 1.400000
v 22.802338 4.779984 -1.400000
v 22.673189 4.752126 1.400000
v 22.673189 4.752126 -1.400000
v 22.540104 4.717705 1.400000
v 22.540104 4.717705 -1.400000
v 22.401258 4.676260 1.400000
v 22.401258 4.676260 -1.400000
v 22.254829 4.627328 1.400000
v 22.254829 4.627328 -1.400000
v 22.098995 4.570449 1.400000
v 22.098995 4.570449 -1.400000
v 21.931931 4.505160 1.400000
v 21.931931 4.505160 -1.400000
v 21.751814 4.431000 1.400000
v 21.751814 4.431000 -1.400000
v 21.751814 3.738000 1.400000
v 21.751814 3.738000 -1.400000
v 21.892235 3.811930 1.400000
v 21.892235 3.811930 -1.400000
v 22.033436 3.879685 1.400000
v 22.033436 3.879685 -1.400000
v 22.175314 3.941219 1.400000
v 22.175314 3.941219 -1.400000
v 22.317778 3.996482 1.400000
v 22.317778 3.996482 -1.400000
v 22.460726 4.045425 1.400000
v 22.460726 4.045425 -1.400000
v 22.604065 4.088000 1.400000
v 22.604065 4.088000 -1.400000
v 22.747694 4.124159 1.400000
v 22.747694 4.124159 -1.400000
v 22.891520 4.153852 1.400000
v 22.891518 4.153852 -1.400000
v 23.035440 4.177032 1.400000
v 23.035439 4.177032 -1.400000
v 23.179361 4.193648 1.400000
v 23.179361 4.193648 -1.400000
v 23.323185 4.203654 1.400000
v 23.323185 4.203654 -1.400000
v 23.466814 4.207000 1.400000
v 23.466814 4.207000 -1.400000
v 23.720671 4.190837 1.400000
v 23.720669 4.190837 -1.400000
v 23.962908 4.143611 1.400000
v 23.962908 4.143611 -1.400000
v 24.191534 4.067219 1.400000
v 24.191532 4.067219 -1.400000
v 24.404556 3.963556 1.400000
v 24.404556 3.963556 -1.400000
v 24.599979 3.834518 1.400000
v 24.599979 3.834518 -1.400000
v 24.775814 3.682001 1.400000
v 24.775814 3.682001 -1.400000
v 24.930065 3.507900 1.400000
v 24.930065 3.507900 -1.400000
v 25.060741 3.314111 1.400000
v 25.060741 3.314111 -1.400000
v 25.165846 3.102532 1.400000
v 25.165846 3.102532 -1.400000
v 25.243389 2.875056 1.400000
v 25.243389 2.875056 -1.400000
v 25.291376 2.633580 1.400000
v 25.291376 2.633580 -1.400000
v 25.307816 2.380000 1.400000
v 25.307816 2.380000 -1.400000
v 25.291458 2.120814 1.400000
v 25.291458 2.120814 -1.400000
v 25.243454 1.876259 1.400000
v 25.243454 1.876259 -1.400000
v 25.165409 1.647844 1.400000
v 25.165409 1.647844 -1.400000
v 25.058926 1.437074 1.400000
v 25.058926 1.437074 -1.400000
v 24.925610 1.245457 1.400000
v 24.925610 1.245457 -1.400000
v 24.767065 1.074500 1.400000
v 24.767065 1.074500 -1.400000
v 24.584894 0.925710 1.400000
v 24.584894 0.925709 -1.400000
v 24.380703 0.800593 1.400000
v 24.380703 0.800593 -1.400000
v 24.156096 0.700656 1.400000
v 24.156096 0.700656 -1.400000
v 23.912676 0.627407 1.400000
v 23.912676 0.627407 -1.400000
v 23.652048 0.582353 1.400000
v 23.652046 0.582353 -1.400000
v 23.375814 0.567000 1.400000
v 23.375814 0.567000 -1.400000
v 23.283777 0.568714 1.400000
v 23.283777 0.568714 -1.400000
v 23.193102 0.573708 1.400000
v 23.193102 0.573708 -1.400000
v 23.103689 0.581766 1.400000
v 23.103689 0.581766 -1.400000
v 23.015446 0.592667 1.400000
v 23.015444 0.592667 -1.400000
v 22.928268 0.606193 1.400000
v 22.928268 0.606193 -1.400000
v 22.842066 0.622125 1.400000
v 22.842064 0.622125 -1.400000
v 22.756737 0.640245 1.400000
v 22.756737 0.640245 -1.400000
v 22.672186 0.660333 1.400000
v 22.672184 0.660333 -1.400000
v 22.588314 0.682172 1.400000
v 22.588314 0.682172 -1.399999
v 22.505028 0.705542 1.400000
v 22.505028 0.705542 -1.399999
v 22.422226 0.730224 1.400000
v 22.422226 0.730224 -1.399999
v 22.339813 0.756000 1.400000
v 22.339813 0.756000 -1.399999
v 22.339813 1.736000 1.400000
v 22.339813 1.736000 -1.400000
v 23.256815 1.736000 1.400000
v 23.256815 1.736000 -1.400000
v 23.256815 2.352000 1.400000
v 23.256815 2.352000 -1.400000
v 21.653814 2.352000 1.400000
v 21.653814 2.352000 -1.399999
v 21.653814 0.329000 1.400000
v 21.653814 0.329000 -1.399999
v 17.215815 0.000000 1.400001
v 17.215815 -0.000000 -1.399999
v 17.852814 1.407000 1.400001
v 17.852814 1.407000 -1.399999
v 19.882814 1.407000 1.400000
v 19.882814 1.407000 -1.399999
v 20.484814 0.000000 1.400000
v 20.484814 -0.000000 -1.399999
v 21.184814 0.000000 1.400000
v 21.184814 -0.000000 -1.399999
v 19.133816 4.802001 1.400000
v 19.133816 4.802001 -1.399999
v 18.650814 4.802001 1.400000
v 18.650814 4.802001 -1.399999
v 16.515814 0.000000 1.400001
v 16.515814 -0.000000 -1.399999
v 18.132814 2.023000 1.400000
v 18.132814 2.023000 -1.399999
v 18.902815 3.752000 1.400000
v 18.902815 3.752000 -1.399999
v 19.616814 2.023000 1.400000
v 19.616814 2.023000 -1.399999
v 12.161815 0.000000 1.400001
v 12.161815 -0.000000 -1.399999
v 15.353814 3.675000 1.400001
v 15.353814 3.675000 -1.399999
v 15.353814 0.000000 1.400001
v 15.353814 -0.000000 -1.399999
v 15.997814 0.000000 1.400001
v 15.997814 -0.000000 -1.399999
v 15.997814 4.774000 1.400001
v 15.997814 4.774000 -1.399999
v 15.451815 4.774000 1.400001
v 15.451815 4.774000 -1.399999
v 12.217813 1.078000 1.400001
v 12.217813 1.078000 -1.399999
v 12.217813 4.774000 1.400001
v 12.217813 4.774000 -1.399999
v 11.573813 4.774000 1.400001
v 11.573813 4.774000 -1.399999
v 11.573813 0.000000 1.400001
v 11.573813 -0.000000 -1.399999
v 9.137814 4.774000 1.400001
v 9.137814 4.774000 -1.399999
v 8.892729 4.761531 1.400001
v 8.892729 4.761531 -1.399999
v 8.671635 4.725584 1.400001
v 8.671635 4.725584 -1.399999
v 8.474018 4.668344 1.400001
v 8.474018 4.668344 -1.399999
v 8.299372 4.592000 1.400001
v 8.299372 4.592000 -1.399998
v 8.147182 4.498739 1.400001
v 8.147182 4.498739 -1.399998
v 8.016939 4.390750 1.400001
v 8.016939 4.390750 -1.399998
v 7.908136 4.270219 1.400001
v 7.908136 4.270219 -1.399998
v 7.820259 4.139333 1.400001
v 7.820259 4.139333 -1.399998
v 7.752798 4.000281 1.400001
v 7.752798 4.000281 -1.399998
v 7.705244 3.855250 1.400001
v 7.705244 3.855250 -1.399998
v 7.677086 3.706427 1.400001
v 7.677086 3.706427 -1.399998
v 7.667812 3.556000 1.400001
v 7.667812 3.556000 -1.399998
v 7.672644 3.435363 1.400001
v 7.672644 3.435363 -1.399998
v 7.687223 3.321824 1.400001
v 7.687223 3.321824 -1.399998
v 7.711670 3.215188 1.400001
v 7.711670 3.215188 -1.399998
v 7.746107 3.115259 1.400001
v 7.746107 3.115259 -1.399998
v 7.790657 3.021845 1.400001
v 7.790657 3.021845 -1.399998
v 7.845438 2.934750 1.400001
v 7.845438 2.934750 -1.399998
v 7.910572 2.853780 1.400001
v 7.910572 2.853780 -1.399998
v 7.986183 2.778741 1.400001
v 7.986183 2.778741 -1.399998
v 8.072392 2.709438 1.400001
v 8.072392 2.709438 -1.399998
v 8.169319 2.645676 1.400001
v 8.169319 2.645676 -1.399998
v 8.277084 2.587262 1.400001
v 8.277084 2.587262 -1.399998
v 8.395813 2.534000 1.400001
v 8.395813 2.534000 -1.399998
v 8.395813 2.520000 1.400001
v 8.395813 2.520000 -1.399998
v 8.223236 2.479843 1.400001
v 8.223236 2.479843 -1.399998
v 8.062860 2.426245 1.400001
v 8.062860 2.426245 -1.399998
v 7.915220 2.359766 1.400001
v 7.915220 2.359766 -1.399998
v 7.780851 2.280963 1.400001
v 7.780851 2.280963 -1.399998
v 7.660288 2.190396 1.400001
v 7.660288 2.190396 -1.399998
v 7.554064 2.088625 1.400001
v 7.554064 2.088625 -1.399998
v 7.462715 1.976208 1.400001
v 7.462715 1.976208 -1.399998
v 7.386776 1.853704 1.400001
v 7.386776 1.853704 -1.399998
v 7.326782 1.721672 1.400001
v 7.326782 1.721672 -1.399998
v 7.283266 1.580672 1.400001
v 7.283266 1.580671 -1.399998
v 7.256765 1.431261 1.400001
v 7.256765 1.431261 -1.399998
v 7.247814 1.274000 1.400002
v 7.247814 1.274000 -1.399998
v 7.257179 1.125412 1.400002
v 7.257179 1.125412 -1.399998
v 7.286018 0.975463 1.400002
v 7.286018 0.975463 -1.399998
v 7.335419 0.826875 1.400002
v 7.335419 0.826875 -1.399998
v 7.406477 0.682370 1.400002
v 7.406477 0.682370 -1.399998
v 7.500284 0.544671 1.400002
v 7.500284 0.544671 -1.399998
v 7.617935 0.416500 1.400002
v 7.617935 0.416500 -1.399998
v 7.760525 0.300579 1.400002
v 7.760525 0.300579 -1.399998
v 7.929144 0.199630 1.400001
v 7.929144 0.199630 -1.399998
v 8.124889 0.116375 1.400001
v 8.124889 0.116375 -1.399998
v 8.348854 0.053537 1.400001
v 8.348854 0.053537 -1.399998
v 8.602131 0.013838 1.400001
v 8.602131 0.013838 -1.399998
v 8.885813 0.000000 1.400001
v 8.885813 -0.000000 -1.399998
v 10.523813 0.000000 1.400001
v 10.523813 -0.000000 -1.399998
v 10.523813 4.774000 1.400001
v 10.523813 4.774000 -1.399999
v 9.382814 2.730000 1.400001
v 9.382814 2.730000 -1.399999
v 9.220345 2.735254 1.400001
v 9.220345 2.735254 -1.399998
v 9.072384 2.751032 1.400001
v 9.072384 2.751032 -1.399998
v 8.938860 2.777359 1.400001
v 8.938860 2.777359 -1.399998
v 8.819702 2.814259 1.400001
v 8.819702 2.814259 -1.399998
v 8.714836 2.861756 1.400001
v 8.714836 2.861756 -1.399998
v 8.624187 2.919875 1.400001
v 8.624187 2.919875 -1.399998
v 8.547686 2.988639 1.400001
v 8.547686 2.988639 -1.399998
v 8.485258 3.068074 1.400001
v 8.485258 3.068074 -1.399998
v 8.436829 3.158203 1.400001
v 8.436829 3.158203 -1.399998
v 8.402328 3.259051 1.400001
v 8.402328 3.259051 -1.399998
v 8.381680 3.370642 1.400001
v 8.381680 3.370642 -1.399998
v 8.374813 3.493000 1.400001
v 8.374813 3.493000 -1.399998
v 8.379173 3.581079 1.400001
v 8.379173 3.581079 -1.399998
v 8.392769 3.666218 1.400001
v 8.392769 3.666218 -1.399998
v 8.416376 3.747516 1.400001
v 8.416376 3.747516 -1.399998
v 8.450777 3.824074 1.400001
v 8.450777 3.824074 -1.399998
v 8.496748 3.894994 1.400001
v 8.496748 3.894994 -1.399998
v 8.555065 3.959375 1.400001
v 8.555065 3.959375 -1.399998
v 8.626507 4.016319 1.400001
v 8.626507 4.016319 -1.399998
v 8.711851 4.064926 1.400001
v 8.711851 4.064926 -1.399999
v 8.811876 4.104297 1.400001
v 8.811876 4.104297 -1.399999
v 8.927361 4.133533 1.400001
v 8.927361 4.133533 -1.399999
v 9.059080 4.151733 1.400001
v 9.059080 4.151733 -1.399999
v 9.207813 4.158000 1.400001
v 9.207813 4.158000 -1.399999
v 9.837812 4.158000 1.400001
v 9.837812 4.158000 -1.399999
v 9.837812 2.730000 1.400001
v 9.837812 2.730000 -1.399999
v 8.976814 0.616000 1.400001
v 8.976814 0.616000 -1.399998
v 8.787600 0.624057 1.400001
v 8.787600 0.624057 -1.399998
v 8.621597 0.647208 1.400001
v 8.621597 0.647208 -1.399998
v 8.477518 0.683922 1.400001
v 8.477518 0.683922 -1.399998
v 8.354074 0.732667 1.400001
v 8.354074 0.732667 -1.399998
v 8.249977 0.791912 1.400001
v 8.249977 0.791912 -1.399998
v 8.163939 0.860125 1.400001
v 8.163939 0.860125 -1.399998
v 8.094671 0.935776 1.400001
v 8.094671 0.935776 -1.399998
v 8.040888 1.017334 1.400001
v 8.040888 1.017333 -1.399998
v 8.001297 1.103266 1.400001
v 8.001297 1.103266 -1.399998
v 7.974613 1.192042 1.400001
v 7.974613 1.192042 -1.399998
v 7.959549 1.282130 1.400001
v 7.959549 1.282130 -1.399998
v 7.954815 1.372000 1.400001
v 7.954815 1.372000 -1.399998
v 7.961845 1.477770 1.400001
v 7.961845 1.477770 -1.399998
v 7.983044 1.577658 1.400001
v 7.983044 1.577657 -1.399998
v 8.018581 1.671032 1.400001
v 8.018581 1.671031 -1.399998
v 8.068632 1.757259 1.400001
v 8.068632 1.757259 -1.399998
v 8.133362 1.835710 1.400001
v 8.133362 1.835709 -1.399998
v 8.212940 1.905750 1.400001
v 8.212940 1.905750 -1.399998
v 8.307543 1.966749 1.400001
v 8.307543 1.966749 -1.399998
v 8.417336 2.018074 1.400001
v 8.417336 2.018074 -1.399998
v 8.542488 2.059094 1.400001
v 8.542488 2.059094 -1.399998
v 8.683172 2.089176 1.400001
v 8.683172 2.089176 -1.399998
v 8.839558 2.107689 1.400001
v 8.839558 2.107689 -1.399998
v 9.011814 2.114000 1.400001
v 9.011814 2.114000 -1.399998
v 9.837812 2.114000 1.400001
v 9.837812 2.114000 -1.399999
v 9.837812 0.616000 1.400001
v 9.837812 0.616000 -1.399998
v 3.138813 0.000000 1.400002
v 3.138813 -0.000000 -1.399998
v 3.775814 1.407000 1.400002
v 3.775814 1.407000 -1.399998
v 5.805813 1.407000 1.400002
v 5.805813 1.407000 -1.399998
v 6.407814 0.000000 1.400002
v 6.407814 -0.000000 -1.399998
v 7.107813 0.000000 1.400002
v 7.107813 -0.000000 -1.399998
v 5.056814 4.802001 1.400002
v 5.056814 4.802001 -1.399998
v 4.573814 4.802001 1.400002
v 4.573814 4.802001 -1.399998
v 2.438812 0.000000 1.400002
v 2.438812 -0.000000 -1.399998
v 4.055813 2.023000 1.400002
v 4.055813 2.023000 -1.399998
v 4.825813 3.752000 1.400002
v 4.825813 3.752000 -1.399998
v 5.539814 2.023000 1.400002
v 5.539814 2.023000 -1.399998
v 0.462032 4.763468 1.400002
v 0.462032 4.763468 -1.399998
v 0.244247 4.732325 1.400002
v 0.244247 4.732325 -1.399998
v 0.043282 4.681251 1.400002
v 0.043282 4.681251 -1.399998
v -0.140039 4.610926 1.400002
v -0.140039 4.610926 -1.399998
v -0.304888 4.522033 1.400002
v -0.304888 4.522033 -1.399998
v -0.450438 4.415250 1.400002
v -0.450438 4.415250 -1.399998
v -0.575863 4.291260 1.400002
v -0.575863 4.291260 -1.399998
v -0.680336 4.150741 1.400002
v -0.680336 4.150741 -1.399998
v -0.763031 3.994375 1.400002
v -0.763031 3.994375 -1.399998
v -0.823122 3.822843 1.400002
v -0.823122 3.822843 -1.399998
v -0.859783 3.636824 1.400002
v -0.859783 3.636824 -1.399998
v -0.872187 3.437000 1.400002
v -0.872187 3.437000 -1.399998
v -0.866243 3.301708 1.400002
v -0.866243 3.301708 -1.399998
v -0.848562 3.172491 1.400002
v -0.848562 3.172491 -1.399998
v -0.819359 3.049594 1.400002
v -0.819359 3.049594 -1.399998
v -0.778854 2.933259 1.400002
v -0.778854 2.933259 -1.399998
v -0.727266 2.823730 1.400002
v -0.727266 2.823730 -1.399998
v -0.664812 2.721250 1.400002
v -0.664812 2.721250 -1.399998
v -0.591713 2.626061 1.400002
v -0.591713 2.626061 -1.399998
v -0.508186 2.538408 1.400002
v -0.508186 2.538408 -1.399998
v -0.414454 2.458531 1.400002
v -0.414454 2.458531 -1.399998
v -0.310730 2.386676 1.400002
v -0.310730 2.386676 -1.399998
v -0.197233 2.323085 1.400002
v -0.197233 2.323085 -1.399998
v -0.074186 2.268000 1.400002
v -0.074186 2.268000 -1.399998
v -0.179340 2.193042 1.400002
v -0.179340 2.193042 -1.399998
v -0.278419 2.111667 1.400002
v -0.278419 2.111667 -1.399998
v -0.372343 2.023875 1.400002
v -0.372343 2.023875 -1.399998
v -0.462038 1.929667 1.400002
v -0.462038 1.929667 -1.399998
v -0.548428 1.829042 1.400002
v -0.548428 1.829042 -1.399998
v -0.632437 1.722000 1.400002
v -0.632437 1.722000 -1.399998
v -0.714987 1.608542 1.400002
v -0.714987 1.608542 -1.399998
v -0.797001 1.488667 1.400002
v -0.797001 1.488667 -1.399998
v -0.879406 1.362375 1.400002
v -0.879406 1.362375 -1.399998
v -0.963121 1.229667 1.400002
v -0.963121 1.229667 -1.399997
v -1.049076 1.090542 1.400002
v -1.049076 1.090542 -1.399997
v -1.138187 0.945000 1.400002
v -1.138187 0.945000 -1.399997
v -1.187359 0.865983 1.400002
v -1.187359 0.865983 -1.399997
v -1.234047 0.792361 1.400002
v -1.234047 0.792361 -1.399997
v -1.279282 0.722531 1.400002
v -1.279282 0.722531 -1.399997
v -1.324078 0.654889 1.400002
v -1.324078 0.654889 -1.399997
v -1.369455 0.587830 1.400002
v -1.369455 0.587830 -1.399997
v -1.416437 0.519750 1.400002
v -1.416437 0.519750 -1.399997
v -1.466043 0.449045 1.400002
v -1.466043 0.449045 -1.399997
v -1.519299 0.374111 1.400002
v -1.519299 0.374111 -1.399997
v -1.577219 0.293344 1.400002
v -1.577219 0.293344 -1.399997
v -1.640827 0.205139 1.400002
v -1.640827 0.205139 -1.399997
v -1.711142 0.107892 1.400002
v -1.711142 0.107892 -1.399997
v -1.789188 0.000000 1.400002
v -1.789188 -0.000000 -1.399997
v -0.970186 0.000000 1.400002
v -0.970186 -0.000000 -1.399997
v -0.340187 0.980000 1.400002
v -0.340187 0.980000 -1.399998
v -0.189596 1.207354 1.400002
v -0.189596 1.207354 -1.399998
v -0.051889 1.401167 1.400002
v -0.051889 1.401166 -1.399998
v 0.074345 1.564062 1.400002
v 0.074345 1.564062 -1.399998
v 0.190517 1.698667 1.400002
v 0.190517 1.698666 -1.399998
v 0.298037 1.807604 1.400002
v 0.298037 1.807604 -1.399998
v 0.398312 1.893500 1.400002
v 0.398312 1.893500 -1.399998
v 0.492756 1.958979 1.400002
v 0.492756 1.958979 -1.399998
v 0.582775 2.006667 1.400002
v 0.582775 2.006667 -1.399998
v 0.669783 2.039188 1.400002
v 0.669783 2.039188 -1.399998
v 0.755184 2.059167 1.400002
v 0.755184 2.059167 -1.399998
v 0.840391 2.069229 1.400002
v 0.840391 2.069229 -1.399998
v 0.926813 2.072000 1.400002
v 0.926813 2.072000 -1.399998
v 1.213814 2.072000 1.400002
v 1.213814 2.072000 -1.399998
v 1.213814 0.000000 1.400002
v 1.213814 -0.000000 -1.399998
v 1.899815 0.000000 1.400002
v 1.899815 -0.000000 -1.399998
v 1.899815 4.774000 1.400002
v 1.899815 4.774000 -1.399998
v 0.695812 4.774000 1.400002
v 0.695812 4.774000 -1.399998
v 0.772814 2.688000 1.400002
v 0.772814 2.688000 -1.399998
v 0.599825 2.695668 1.400002
v 0.599825 2.695668 -1.399998
v 0.447639 2.717847 1.400002
v 0.447639 2.717847 -1.399998
v 0.315189 2.753297 1.400002
v 0.315189 2.753297 -1.399998
v 0.201406 2.800778 1.400002
v 0.201406 2.800778 -1.399998
v 0.105221 2.859050 1.400002
v 0.105221 2.859050 -1.399998
v 0.025564 2.926875 1.400002
v 0.025564 2.926875 -1.399998
v -0.038635 3.003012 1.400002
v -0.038635 3.003012 -1.399998
v -0.088446 3.086222 1.400002
v -0.088446 3.086222 -1.399998
v -0.124937 3.175266 1.400002
v -0.124937 3.175266 -1.399998
v -0.149178 3.268903 1.400002
v -0.149178 3.268903 -1.399998
v -0.162237 3.365894 1.400002
v -0.162237 3.365894 -1.399998
v -0.165186 3.465000 1.400002
v -0.165186 3.465000 -1.399998
v -0.157959 3.573297 1.400002
v -0.157959 3.573297 -1.399998
v -0.139454 3.673963 1.400002
v -0.139454 3.673963 -1.399998
v -0.109186 3.766656 1.400002
v -0.109186 3.766656 -1.399998
v -0.066666 3.851037 1.400002
v -0.066666 3.851037 -1.399998
v -0.011412 3.926765 1.400002
v -0.011412 3.926765 -1.399998
v 0.057064 3.993500 1.400002
v 0.057064 3.993500 -1.399998
v 0.139250 4.050902 1.400002
v 0.139250 4.050902 -1.399998
v 0.235628 4.098630 1.400002
v 0.235628 4.098630 -1.399998
v 0.346689 4.136344 1.400002
v 0.346689 4.136344 -1.399998
v 0.472916 4.163704 1.400002
v 0.472916 4.163704 -1.399998
v 0.614794 4.180369 1.400002
v 0.614794 4.180369 -1.399998
v 0.772814 4.186000 1.400002
v 0.772814 4.186000 -1.399998
v 1.213814 4.186000 1.400002
v 1.213814 4.186000 -1.399998
v 1.213814 2.688000 1.400002
v 1.213814 2.688000 -1.399998
v -6.310589 1.592277 1.400003
v -6.310589 1.592277 -1.399997
v -6.266754 1.326468 1.400003
v -6.266754 1.326468 -1.399997
v -6.193607 1.079860 1.400003
v -6.193607 1.079859 -1.399997
v -6.091076 0.853741 1.400003
v -6.091076 0.853741 -1.399997
v -5.959084 0.649400 1.400003
v -5.959084 0.649400 -1.399997
v -5.797562 0.468125 1.400003
v -5.797562 0.468125 -1.399997
v -5.606434 0.311204 1.400003
v -5.606434 0.311204 -1.399997
v -5.385632 0.179926 1.400003
v -5.385632 0.179926 -1.399997
v -5.135078 0.075578 1.400003
v -5.135078 0.075578 -1.399997
v -4.854702 -0.000551 1.400003
v -4.854702 -0.000551 -1.399997
v -4.544430 -0.047173 1.400003
v -4.544430 -0.047173 -1.399997
v -4.204189 -0.063000 1.400002
v -4.204189 -0.063000 -1.399997
v -3.953325 -0.051091 1.400002
v -3.953325 -0.051091 -1.399997
v -3.706932 -0.014972 1.400002
v -3.706932 -0.014973 -1.399997
v -3.468315 0.045937 1.400002
v -3.468315 0.045937 -1.399997
v -3.240784 0.132222 1.400002
v -3.240784 0.132222 -1.399997
v -3.027641 0.244465 1.400002
v -3.027641 0.244465 -1.399997
v -2.832191 0.383250 1.400002
v -2.832191 0.383250 -1.399997
v -2.657742 0.549160 1.400002
v -2.657742 0.549160 -1.399997
v -2.507599 0.742778 1.400002
v -2.507599 0.742778 -1.399997
v -2.385065 0.964688 1.400002
v -2.385065 0.964687 -1.399997
v -2.293447 1.215472 1.400002
v -2.293447 1.215472 -1.399997
v -2.236053 1.495715 1.400002
v -2.236053 1.495715 -1.399997
v -2.216187 1.806000 1.400002
v -2.216187 1.806000 -1.399997
v -2.216187 4.774000 1.400002
v -2.216187 4.774000 -1.399998
v -2.902187 4.774000 1.400002
v -2.902187 4.774000 -1.399997
v -2.902187 1.953000 1.400002
v -2.902187 1.953000 -1.399997
v -2.903688 1.824634 1.400002
v -2.903688 1.824634 -1.399997
v -2.908375 1.708324 1.400002
v -2.908375 1.708324 -1.399997
v -2.916513 1.603000 1.400002
v -2.916513 1.603000 -1.399997
v -2.928370 1.507593 1.400002
v -2.928370 1.507592 -1.399997
v -2.944214 1.421033 1.400002
v -2.944214 1.421032 -1.399997
v -2.964312 1.342250 1.400002
v -2.964312 1.342250 -1.399997
v -2.988928 1.270176 1.400002
v -2.988928 1.270176 -1.399997
v -3.018333 1.203741 1.400002
v -3.018333 1.203741 -1.399997
v -3.052795 1.141875 1.400002
v -3.052795 1.141875 -1.399997
v -3.092579 1.083509 1.400002
v -3.092579 1.083509 -1.399997
v -3.137953 1.027574 1.400002
v -3.137953 1.027574 -1.399997
v -3.189186 0.973000 1.400002
v -3.189186 0.973000 -1.399997
v -3.258894 0.907663 1.400002
v -3.258894 0.907663 -1.399997
v -3.331520 0.848135 1.400002
v -3.331520 0.848134 -1.399997
v -3.407063 0.794391 1.400002
v -3.407063 0.794391 -1.399997
v -3.485521 0.746408 1.400002
v -3.485521 0.746407 -1.399997
v -3.566895 0.704160 1.400002
v -3.566895 0.704160 -1.399997
v -3.651186 0.667625 1.400002
v -3.651186 0.667625 -1.399997
v -3.738394 0.636777 1.400002
v -3.738394 0.636777 -1.399997
v -3.828520 0.611593 1.400002
v -3.828520 0.611593 -1.399997
v -3.921562 0.592047 1.400002
v -3.921562 0.592047 -1.399997
v -4.017523 0.578116 1.400002
v -4.017523 0.578116 -1.399997
v -4.116398 0.569775 1.400002
v -4.116398 0.569775 -1.399997
v -4.218189 0.567000 1.400002
v -4.218189 0.567000 -1.399997
v -4.346369 0.570431 1.400002
v -4.346369 0.570431 -1.399997
v -4.468374 0.580449 1.400002
v -4.468374 0.580449 -1.399997
v -4.584158 0.596641 1.400002
v -4.584158 0.596641 -1.399997
v -4.693670 0.618593 1.400003
v -4.693670 0.618593 -1.399997
v -4.796864 0.645892 1.400003
v -4.796864 0.645892 -1.399997
v -4.893688 0.678125 1.400003
v -4.893688 0.678125 -1.399997
v -4.984097 0.714879 1.400003
v -4.984097 0.714879 -1.399997
v -5.068041 0.755741 1.400003
v -5.068041 0.755741 -1.399997
v -5.145470 0.800297 1.400003
v -5.145470 0.800297 -1.399997
v -5.216335 0.848134 1.400003
v -5.216335 0.848134 -1.399997
v -5.280592 0.898840 1.400003
v -5.280592 0.898840 -1.399997
v -5.338188 0.952000 1.400003
v -5.338188 0.952000 -1.399997
v -5.395575 1.015434 1.400003
v -5.395575 1.015434 -1.399997
v -5.445553 1.083218 1.400003
v -5.445553 1.083218 -1.399997
v -5.488579 1.155328 1.400003
v -5.488579 1.155328 -1.399997
v -5.525114 1.231741 1.400003
v -5.525114 1.231741 -1.399997
v -5.555622 1.312431 1.400003
v -5.555622 1.312431 -1.399997
v -5.580563 1.397375 1.400003
v -5.580563 1.397375 -1.399997
v -5.600399 1.486548 1.400003
v -5.600399 1.486548 -1.399997
v -5.615593 1.579926 1.400003
v -5.615593 1.579926 -1.399997
v -5.626608 1.677485 1.400003
v -5.626608 1.677484 -1.399997
v -5.633905 1.779199 1.400003
v -5.633905 1.779199 -1.399997
v -5.637943 1.885046 1.400003
v -5.637943 1.885046 -1.399997
v -5.639191 1.995000 1.400003
v -5.639191 1.995000 -1.399997
v -5.639191 4.774000 1.400002
v -5.639191 4.774000 -1.399997
v -6.325188 4.774000 1.400002
v -6.325188 4.774000 -1.399997
v -6.325188 1.876000 1.400003
v -6.325188 1.876000 -1.399997
v -11.022190 0.000000 1.400003
v -11.022190 -0.000000 -1.399997
v -11.022190 3.717000 1.400003
v -11.022190 3.717000 -1.399997
v -11.008190 3.717000 1.400003
v -11.008190 3.717000 -1.399997
v -9.538189 1.869000 1.400003
v -9.538189 1.869000 -1.399997
v -9.426189 1.869000 1.400003
v -9.426189 1.869000 -1.399997
v -7.956188 3.717000 1.400003
v -7.956188 3.717000 -1.399997
v -7.942188 3.717000 1.400003
v -7.942188 3.717000 -1.399997
v -7.942188 0.000000 1.400003
v -7.942188 -0.000000 -1.399997
v -7.256187 0.000000 1.400003
v -7.256187 -0.000000 -1.399997
v -7.256187 4.774000 1.400003
v -7.256187 4.774000 -1.399997
v -7.900188 4.774000 1.400003
v -7.900188 4.774000 -1.399997
v -9.482185 2.814000 1.400003
v -9.482185 2.814000 -1.399997
v -11.071190 4.774000 1.400003
v -11.071190 4.774000 -1.399997
v -11.708191 4.774000 1.400003
v -11.708191 4.774000 -1.399997
v -11.708191 0.000000 1.400003
v -11.708191 -0.000000 -1.399997
v -16.181190 0.000000 1.400004
v -16.181190 -0.000000 -1.399996
v -15.544189 1.407000 1.400003
v -15.544189 1.407000 -1.399996
v -13.514191 1.407000 1.400003
v -13.514191 1.407000 -1.399996
v -12.912189 0.000000 1.400003
v -12.912189 -0.000000 -1.399996
v -12.212189 0.000000 1.400003
v -12.212189 -0.000000 -1.399997
v -14.263191 4.802001 1.400003
v -14.263191 4.802001 -1.399997
v -14.746189 4.802001 1.400003
v -14.746189 4.802001 -1.399997
v -16.881187 0.000000 1.400004
v -16.881187 -0.000000 -1.399996
v -15.264191 2.023000 1.400003
v -15.264191 2.023000 -1.399996
v -14.494190 3.752000 1.400003
v -14.494190 3.752000 -1.399996
v -13.780190 2.023000 1.400003
v -13.780190 2.023000 -1.399996
v -21.235191 0.000000 1.400004
v -21.235191 -0.000000 -1.399996
v -18.043186 3.675000 1.400004
v -18.043186 3.675000 -1.399996
v -18.043186 0.000000 1.400004
v -18.043186 -0.000000 -1.399996
v -17.399189 0.000000 1.400004
v -17.399189 -0.000000 -1.399996
v -17.399189 4.774000 1.400003
v -17.399189 4.774000 -1.399996
v -17.945187 4.774000 1.400004
v -17.945187 4.774000 -1.399996
v -21.179188 1.078000 1.400004
v -21.179188 1.078000 -1.399996
v -21.179188 4.774000 1.400004
v -21.179188 4.774000 -1.399996
v -21.823189 4.774000 1.400004
v -21.823189 4.774000 -1.399996
v -21.823189 0.000000 1.400004
v -21.823189 -0.000000 -1.399996
vn -0.0000 -0.0000 -1.0000
vn -0.0000 -0.0000 1.0000
vn -0.3771 -0.9262 -0.0000
vn -0.3491 -0.9371 -0.0000
vn -0.3180 -0.9481 -0.0000
vn -0.2842 -0.9588 -0.0000
vn -0.2482 -0.9687 -0.0000
vn -0.2107 -0.9776 -0.0000
vn -0.1725 -0.9850 -0.0000
vn -0.1345 -0.9909 -0.0000
vn -0.0977 -0.9952 -0.0000
vn -0.0626 -0.9980 -0.0000
vn -0.0301 -0.9995 -0.0000
vn 0.0220 -0.9998 -0.0000
vn 0.1184 -0.9930 -0.0000
vn 0.2385 -0.9711 -0.0000
vn 0.3584 -0.9336 -0.0000
vn 0.4753 -0.8798 -0.0000
vn 0.5867 -0.8098 -0.0000
vn 0.6895 -0.7242 -0.0000
vn 0.7812 -0.6243 -0.0000
vn 0.8590 -0.5119 -0.0000
vn 0.9209 -0.3898 -0.0000
vn 0.9652 -0.2614 -0.0000
vn 0.9915 -0.1303 -0.0000
vn 1.0000 0.0006 -0.0000
vn 0.9913 0.1318 -0.0000
vn 0.9648 0.2630 -0.0000
vn 0.9208 0.3901 -0.0000
vn 0.8602 0.5100 -0.0000
vn 0.7845 0.6202 -0.0000
vn 0.6955 0.7186 -0.0000
vn 0.5951 0.8036 -0.0000
vn 0.4855 0.8742 -0.0000
vn 0.3688 0.9295 -0.0000
vn 0.2474 0.9689 -0.0000
vn 0.1236 0.9923 -0.0000
vn 0.0235 0.9997 -0.0000
vn -0.0308 0.9995 -0.0000
vn -0.0661 0.9978 -0.0000
vn -0.1056 0.9944 -0.0000
vn -0.1475 0.9891 -0.0000
vn -0.1899 0.9818 -0.0000
vn -0.2307 0.9730 -0.0000
vn -0.2683 0.9633 -0.0000
vn -0.3015 0.9535 -0.0000
vn -0.3299 0.9440 -0.0000
vn -0.3535 0.9355 -0.0000
vn -0.3724 0.9281 -0.0000
vn -0.8309 0.5565 -0.0000
vn -0.5168 -0.8561 -0.0000
vn 0.4493 -0.8934 -0.0000
vn 0.4153 -0.9097 -0.0000
vn 0.3798 -0.9250 -0.0000
vn 0.3429 -0.9394 -0.0000
vn 0.3044 -0.9525 -0.0000
vn 0.2645 -0.9644 -0.0000
vn 0.2232 -0.9748 -0.0000
vn 0.1806 -0.9835 -0.0000
vn 0.1369 -0.9906 -0.0000
vn 0.0921 -0.9958 -0.0000
vn 0.0464 -0.9989 -0.0000
vn -0.0201 -0.9998 -0.0000
vn -0.1277 -0.9918 -0.0000
vn -0.2547 -0.9670 -0.0000
vn -0.3780 -0.9258 -0.0000
vn -0.4953 -0.8687 -0.0000
vn -0.6044 -0.7967 -0.0000
vn -0.7034 -0.7108 -0.0000
vn -0.7905 -0.6124 -0.0000
vn -0.8642 -0.5031 -0.0000
vn -0.9231 -0.3846 -0.0000
vn -0.9658 -0.2594 -0.0000
vn -0.9915 -0.1301 -0.0000
vn -1.0000 -0.0009 -0.0000
vn -0.9918 0.1281 -0.0000
vn -0.9660 0.2586 -0.0000
vn -0.9216 0.3881 -0.0000
vn -0.8588 0.5123 -0.0000
vn -0.7790 0.6271 -0.0000
vn -0.6845 0.7290 -0.0000
vn -0.5788 0.8154 -0.0000
vn -0.4655 0.8851 -0.0000
vn -0.3480 0.9375 -0.0000
vn -0.2297 0.9733 -0.0000
vn -0.1131 0.9936 -0.0000
vn -0.0185 0.9998 -0.0000
vn 0.0368 0.9993 -0.0000
vn 0.0724 0.9974 -0.0000
vn 0.1062 0.9943 -0.0000
vn 0.1380 0.9904 -0.0000
vn 0.1676 0.9859 -0.0000
vn 0.1947 0.9809 -0.0000
vn 0.2195 0.9756 -0.0000
vn 0.2416 0.9704 -0.0000
vn 0.2611 0.9653 -0.0000
vn 0.2779 0.9606 -0.0000
vn 0.2921 0.9564 -0.0000
vn 0.8058 0.5922 -0.0000
vn 0.7071 -0.7071 -0.0000
vn 0.7071 0.7071 -0.0000
vn -0.7071 0.7071 -0.0000
vn -0.8338 -0.5521 -0.0000
vn 0.5420 -0.8404 -0.0000
vn -0.5507 -0.8347 -0.0000
vn 0.8345 -0.5510 -0.0000
vn 0.5510 0.8345 -0.0000
vn -0.5449 0.8385 -0.0000
vn -0.8385 -0.5449 -0.0000
vn 0.8387 0.5446 -0.0000
vn -0.0137 -0.9999 -0.0000
vn -0.8312 0.5560 -0.0000
vn 0.4149 -0.9099 -0.0000
vn -0.3500 -0.9367 -0.0000
vn -0.7071 -0.7071 -0.0000
vn -0.4132 0.9106 -0.0000
vn 0.3517 0.9361 -0.0000
vn -0.0254 0.9997 -0.0000
vn -0.1058 0.9944 -0.0000
vn -0.2197 0.9756 -0.0000
vn -0.3401 0.9404 -0.0000
vn -0.4626 0.8866 -0.0000
vn -0.5819 0.8133 -0.0000
vn -0.6921 0.7218 -0.0000
vn -0.7883 0.6153 -0.0000
vn -0.8671 0.4982 -0.0000
vn -0.9271 0.3749 -0.0000
vn -0.9684 0.2493 -0.0000
vn -0.9923 0.1240 -0.0000
vn -0.9999 0.0108 -0.0000
vn -0.9965 -0.0838 -0.0000
vn -0.9845 -0.1756 -0.0000
vn -0.9614 -0.2750 -0.0000
vn -0.9255 -0.3787 -0.0000
vn -0.8760 -0.4823 -0.0000
vn -0.8142 -0.5806 -0.0000
vn -0.7430 -0.6693 -0.0000
vn -0.6664 -0.7456 -0.0000
vn -0.5887 -0.8083 -0.0000
vn -0.5135 -0.8581 -0.0000
vn -0.4432 -0.8964 -0.0000
vn -0.8394 -0.5435 -0.0000
vn -0.7831 0.6218 -0.0000
vn -0.2721 0.9623 -0.0000
vn -0.3642 0.9313 -0.0000
vn -0.4589 0.8885 -0.0000
vn -0.5541 0.8324 -0.0000
vn -0.6474 0.7622 -0.0000
vn -0.7354 0.6777 -0.0000
vn -0.8147 0.5799 -0.0000
vn -0.8820 0.4712 -0.0000
vn -0.9349 0.3550 -0.0000
vn -0.9719 0.2352 -0.0000
vn -0.9933 0.1159 -0.0000
vn -1.0000 -0.0030 -0.0000
vn -0.9920 -0.1261 -0.0000
vn -0.9675 -0.2527 -0.0000
vn -0.9253 -0.3793 -0.0000
vn -0.8641 -0.5034 -0.0000
vn -0.7836 -0.6212 -0.0000
vn -0.6856 -0.7280 -0.0000
vn -0.5737 -0.8191 -0.0000
vn -0.4536 -0.8912 -0.0000
vn -0.3315 -0.9435 -0.0000
vn -0.2129 -0.9771 -0.0000
vn -0.1019 -0.9948 -0.0000
vn -0.0244 -0.9997 -0.0000
vn 0.0162 0.9999 -0.0000
vn 0.0692 0.9976 -0.0000
vn 0.1499 0.9887 -0.0000
vn 0.2450 0.9695 -0.0000
vn 0.3549 0.9349 -0.0000
vn 0.4774 0.8787 -0.0000
vn 0.6061 0.7954 -0.0000
vn 0.7301 0.6834 -0.0000
vn 0.8367 0.5477 -0.0000
vn 0.9166 0.3998 -0.0000
vn 0.9673 0.2535 -0.0000
vn 0.9929 0.1192 -0.0000
vn 1.0000 0.0033 -0.0000
vn 0.9946 -0.1037 -0.0000
vn 0.9758 -0.2187 -0.0000
vn 0.9385 -0.3452 -0.0000
vn 0.8782 -0.4783 -0.0000
vn 0.7927 -0.6096 -0.0000
vn 0.6845 -0.7290 -0.0000
vn 0.5608 -0.8280 -0.0000
vn 0.4317 -0.9020 -0.0000
vn 0.3065 -0.9519 -0.0000
vn 0.1914 -0.9815 -0.0000
vn 0.0896 -0.9960 -0.0000
vn 0.0211 -0.9998 -0.0000
vn 0.0213 0.9998 -0.0000
vn 0.0904 0.9959 -0.0000
vn 0.1928 0.9812 -0.0000
vn 0.3077 0.9515 -0.0000
vn 0.4320 0.9019 -0.0000
vn 0.5596 0.8288 -0.0000
vn 0.6816 0.7318 -0.0000
vn 0.7886 0.6148 -0.0000
vn 0.8740 0.4859 -0.0000
vn 0.9352 0.3540 -0.0000
vn 0.9739 0.2268 -0.0000
vn 0.9940 0.1089 -0.0000
vn 1.0000 -0.0069 -0.0000
vn 0.9905 -0.1373 -0.0000
vn 0.9593 -0.2825 -0.0000
vn 0.9027 -0.4303 -0.0000
vn 0.8209 -0.5711 -0.0000
vn 0.7183 -0.6957 -0.0000
vn 0.6030 -0.7978 -0.0000
vn 0.4838 -0.8752 -0.0000
vn 0.3681 -0.9298 -0.0000
vn 0.2606 -0.9654 -0.0000
vn 0.1635 -0.9865 -0.0000
vn 0.0772 -0.9970 -0.0000
vn 0.0183 -0.9998 -0.0000
vn -0.0934 0.9956 -0.0000
vn -0.1942 0.9810 -0.0000
vn -0.3028 0.9531 -0.0000
vn -0.4173 0.9088 -0.0000
vn -0.5344 0.8453 -0.0000
vn -0.6490 0.7608 -0.0000
vn -0.7549 0.6558 -0.0000
vn -0.8457 0.5336 -0.0000
vn -0.9164 0.4002 -0.0000
vn -0.9649 0.2627 -0.0000
vn -0.9918 0.1279 -0.0000
vn -1.0000 0.0090 -0.0000
vn -0.9960 -0.0898 -0.0000
vn -0.9830 -0.1836 -0.0000
vn -0.9599 -0.2804 -0.0000
vn -0.9258 -0.3780 -0.0000
vn -0.8806 -0.4739 -0.0000
vn -0.8247 -0.5655 -0.0000
vn -0.7596 -0.6504 -0.0000
vn -0.6872 -0.7265 -0.0000
vn -0.6098 -0.7926 -0.0000
vn -0.5297 -0.8482 -0.0000
vn -0.4492 -0.8935 -0.0000
vn -0.9951 -0.0990 -0.0000
vn -0.6079 0.7940 -0.0000
vn -0.6591 0.7520 -0.0000
vn -0.7038 0.7104 -0.0000
vn -0.7417 0.6707 -0.0000
vn -0.7729 0.6345 -0.0000
vn -0.7978 0.6030 -0.0000
vn -0.8171 0.5766 -0.0000
vn -0.8315 0.5556 -0.0000
vn -0.8417 0.5400 -0.0000
vn -0.8483 0.5296 -0.0000
vn -0.8518 0.5239 -0.0000
vn -0.8509 0.5253 -0.0000
vn -0.8468 0.5320 -0.0000
vn -0.8419 0.5396 -0.0000
vn -0.8365 0.5479 -0.0000
vn -0.8310 0.5563 -0.0000
vn -0.8256 0.5642 -0.0000
vn -0.8208 0.5712 -0.0000
vn -0.8169 0.5768 -0.0000
vn -0.8139 0.5810 -0.0000
vn -0.8119 0.5838 -0.0000
vn -0.8107 0.5854 -0.0000
vn -0.8103 0.5860 -0.0000
vn -0.8905 -0.4549 -0.0000
vn 0.4792 -0.8777 -0.0000
vn 0.8375 -0.5465 -0.0000
vn 0.8246 -0.5658 -0.0000
vn 0.8030 -0.5960 -0.0000
vn 0.7740 -0.6332 -0.0000
vn 0.7348 -0.6783 -0.0000
vn 0.6817 -0.7316 -0.0000
vn 0.6110 -0.7917 -0.0000
vn 0.5199 -0.8543 -0.0000
vn 0.4100 -0.9121 -0.0000
vn 0.2895 -0.9572 -0.0000
vn 0.1728 -0.9850 -0.0000
vn 0.0747 -0.9972 -0.0000
vn 0.0160 -0.9999 -0.0000
vn -0.0225 0.9997 -0.0000
vn 0.0221 0.9998 -0.0000
vn 0.0944 0.9955 -0.0000
vn 0.2017 0.9794 -0.0000
vn 0.3226 0.9466 -0.0000
vn 0.4529 0.8916 -0.0000
vn 0.5851 0.8110 -0.0000
vn 0.7088 0.7054 -0.0000
vn 0.8139 0.5810 -0.0000
vn 0.8942 0.4477 -0.0000
vn 0.9489 0.3156 -0.0000
vn 0.9813 0.1924 -0.0000
vn 0.9967 0.0817 -0.0000
vn 0.9998 -0.0184 -0.0000
vn 0.9923 -0.1239 -0.0000
vn 0.9692 -0.2462 -0.0000
vn 0.9245 -0.3813 -0.0000
vn 0.8533 -0.5215 -0.0000
vn 0.7555 -0.6551 -0.0000
vn 0.6374 -0.7705 -0.0000
vn 0.5096 -0.8604 -0.0000
vn 0.3835 -0.9235 -0.0000
vn 0.2671 -0.9637 -0.0000
vn 0.1644 -0.9864 -0.0000
vn 0.0762 -0.9971 -0.0000
vn 0.0178 -0.9998 -0.0000
vn -0.9942 -0.1072 -0.0000
vn -0.9746 -0.2240 -0.0000
vn -0.9369 -0.3495 -0.0000
vn -0.8778 -0.4791 -0.0000
vn -0.7957 -0.6057 -0.0000
vn -0.6927 -0.7212 -0.0000
vn -0.5744 -0.8185 -0.0000
vn -0.4489 -0.8936 -0.0000
vn -0.3239 -0.9461 -0.0000
vn -0.2057 -0.9786 -0.0000
vn 0.0005 -1.0000 -0.0000
vn 0.0963 -0.9953 -0.0000
vn 0.1965 -0.9805 -0.0000
vn 0.3014 -0.9535 -0.0000
vn 0.4110 -0.9116 -0.0000
vn 0.5236 -0.8520 -0.0000
vn 0.6357 -0.7720 -0.0000
vn 0.7418 -0.6706 -0.0000
vn 0.8353 -0.5497 -0.0000
vn 0.9101 -0.4145 -0.0000
vn 0.9621 -0.2726 -0.0000
vn 0.9912 -0.1326 -0.0000
vn 0.9995 -0.0320 -0.0000
vn -1.0000 0.0059 -0.0000
vn -0.9997 0.0260 -0.0000
vn -0.9983 0.0587 -0.0000
vn -0.9950 0.1002 -0.0000
vn -0.9884 0.1518 -0.0000
vn -0.9769 0.2137 -0.0000
vn -0.9584 0.2854 -0.0000
vn -0.9313 0.3643 -0.0000
vn -0.8950 0.4462 -0.0000
vn -0.8508 0.5255 -0.0000
vn -0.8022 0.5971 -0.0000
vn -0.7533 0.6576 -0.0000
vn -0.7068 0.7074 -0.0000
vn -0.6593 0.7519 -0.0000
vn -0.6072 0.7946 -0.0000
vn -0.5510 0.8345 -0.0000
vn -0.4916 0.8708 -0.0000
vn -0.4295 0.9031 -0.0000
vn -0.3658 0.9307 -0.0000
vn -0.2375 0.9714 -0.0000
vn -0.1747 0.9846 -0.0000
vn -0.1139 0.9935 -0.0000
vn -0.0557 0.9984 -0.0000
vn -0.0002 1.0000 -0.0000
vn 0.0543 0.9985 -0.0000
vn 0.1102 0.9939 -0.0000
vn 0.2262 0.9741 -0.0000
vn 0.2859 0.9582 -0.0000
vn 0.3464 0.9381 -0.0000
vn 0.4074 0.9133 -0.0000
vn 0.4685 0.8835 -0.0000
vn 0.5295 0.8483 -0.0000
vn 0.5899 0.8075 -0.0000
vn 0.6493 0.7605 -0.0000
vn 0.7106 0.7036 -0.0000
vn 0.7742 0.6330 -0.0000
vn 0.8328 0.5536 -0.0000
vn 0.8814 0.4724 -0.0000
vn 0.9196 0.3929 -0.0000
vn 0.9481 0.3179 -0.0000
vn 0.9684 0.2496 -0.0000
vn 0.9820 0.1890 -0.0000
vn 0.9906 0.1364 -0.0000
vn 0.9958 0.0919 -0.0000
vn 0.9985 0.0548 -0.0000
vn 0.9997 0.0247 -0.0000
vn 1.0000 0.0057 -0.0000
vn -0.9997 -0.0257 -0.0000
vn -0.4344 -0.9007 -0.0000
vn 0.4344 -0.9007 -0.0000
vn -0.4312 0.9022 -0.0000
vn -0.0011 1.0000 -0.0000
vn 0.4303 0.9027 -0.0000
vt 0.333333 0.000000
vt 0.555556 0.000000
vt 0.444444 0.000000
vt 0.111111 0.000000
vt 0.666667 0.000000
vt 0.888889 0.000000
vt 0.777778 0.000000
vt 1.000000 0.000000
vt 0.222222 0.000000
vt 0.000000 0.000000
vt 0.400000 0.000000
vt 0.600000 0.000000
vt 0.500000 0.000000
vt 0.900000 0.000000
vt 0.700000 0.000000
vt 0.800000 0.000000
vt 0.200000 0.000000
vt 0.100000 0.000000
vt 0.300000 0.000000
vt 0.571429 0.000000
vt 0.714286 0.000000
vt 0.642857 0.000000
vt 0.428571 0.000000
vt 0.357143 0.000000
vt 0.785714 0.000000
vt 0.928571 0.000000
vt 0.857143 0.000000
vt 0.142857 0.000000
vt 0.071429 0.000000
vt 0.285714 0.000000
vt 0.214286 0.000000
vt 0.298701 0.000000
vt 0.324675 0.000000
vt 0.311688 0.000000
vt 0.337662 0.000000
vt 0.961039 0.000000
vt 0.987013 0.000000
vt 0.974026 0.000000
vt 0.948052 0.000000
vt 0.350649 0.000000
vt 0.935065 0.000000
vt 0.363636 0.000000
vt 0.922078 0.000000
vt 0.376623 0.000000
vt 0.909091 0.000000
vt 0.389610 0.000000
vt 0.012987 0.000000
vt 0.896104 0.000000
vt 0.402597 0.000000
vt 0.272727 0.000000
vt 0.883117 0.000000
vt 0.415584 0.000000
vt 0.870130 0.000000
vt 0.025974 0.000000
vt 0.441558 0.000000
vt 0.844156 0.000000
vt 0.259740 0.000000
vt 0.454545 0.000000
vt 0.831169 0.000000
vt 0.467532 0.000000
vt 0.480519 0.000000
vt 0.818182 0.000000
vt 0.038961 0.000000
vt 0.493506 0.000000
vt 0.805195 0.000000
vt 0.506494 0.000000
vt 0.246753 0.000000
vt 0.792208 0.000000
vt 0.519481 0.000000
vt 0.779221 0.000000
vt 0.051948 0.000000
vt 0.532468 0.000000
vt 0.766234 0.000000
vt 0.753247 0.000000
vt 0.545455 0.000000
vt 0.740260 0.000000
vt 0.558442 0.000000
vt 0.233766 0.000000
vt 0.727273 0.000000
vt 0.584416 0.000000
vt 0.064935 0.000000
vt 0.701299 0.000000
vt 0.597403 0.000000
vt 0.688312 0.000000
vt 0.610390 0.000000
vt 0.675325 0.000000
vt 0.623377 0.000000
vt 0.662338 0.000000
vt 0.636364 0.000000
vt 0.649351 0.000000
vt 0.220779 0.000000
vt 0.077922 0.000000
vt 0.207792 0.000000
vt 0.090909 0.000000
vt 0.194805 0.000000
vt 0.103896 0.000000
vt 0.181818 0.000000
vt 0.116883 0.000000
vt 0.168831 0.000000
vt 0.129870 0.000000
vt 0.155844 0.000000
vt 0.688172 0.000000
vt 0.989247 0.000000
vt 0.698925 0.000000
vt 0.709677 0.000000
vt 0.010753 0.000000
vt 0.021505 0.000000
vt 0.032258 0.000000
vt 0.043011 0.000000
vt 0.053763 0.000000
vt 0.064516 0.000000
vt 0.978495 0.000000
vt 0.075269 0.000000
vt 0.967742 0.000000
vt 0.956989 0.000000
vt 0.946237 0.000000
vt 0.086022 0.000000
vt 0.935484 0.000000
vt 0.924731 0.000000
vt 0.913979 0.000000
vt 0.096774 0.000000
vt 0.903226 0.000000
vt 0.892473 0.000000
vt 0.881720 0.000000
vt 0.107527 0.000000
vt 0.870968 0.000000
vt 0.860215 0.000000
vt 0.118280 0.000000
vt 0.849462 0.000000
vt 0.838710 0.000000
vt 0.129032 0.000000
vt 0.827957 0.000000
vt 0.139785 0.000000
vt 0.817204 0.000000
vt 0.806452 0.000000
vt 0.150538 0.000000
vt 0.795699 0.000000
vt 0.161290 0.000000
vt 0.784946 0.000000
vt 0.172043 0.000000
vt 0.774194 0.000000
vt 0.763441 0.000000
vt 0.182796 0.000000
vt 0.752688 0.000000
vt 0.741935 0.000000
vt 0.193548 0.000000
vt 0.731183 0.000000
vt 0.720430 0.000000
vt 0.204301 0.000000
vt 0.215054 0.000000
vt 0.225806 0.000000
vt 0.236559 0.000000
vt 0.247312 0.000000
vt 0.258065 0.000000
vt 0.268817 0.000000
vt 0.655914 0.000000
vt 0.645161 0.000000
vt 0.279570 0.000000
vt 0.677419 0.000000
vt 0.634409 0.000000
vt 0.623656 0.000000
vt 0.612903 0.000000
vt 0.290323 0.000000
vt 0.602151 0.000000
vt 0.591398 0.000000
vt 0.301075 0.000000
vt 0.580645 0.000000
vt 0.311828 0.000000
vt 0.569892 0.000000
vt 0.322581 0.000000
vt 0.559140 0.000000
vt 0.548387 0.000000
vt 0.344086 0.000000
vt 0.537634 0.000000
vt 0.354839 0.000000
vt 0.365591 0.000000
vt 0.526882 0.000000
vt 0.376344 0.000000
vt 0.516129 0.000000
vt 0.387097 0.000000
vt 0.397849 0.000000
vt 0.408602 0.000000
vt 0.419355 0.000000
vt 0.430108 0.000000
vt 0.440860 0.000000
vt 0.451613 0.000000
vt 0.462366 0.000000
vt 0.473118 0.000000
vt 0.483871 0.000000
vt 0.494624 0.000000
vt 0.505376 0.000000
vt 0.476190 0.000000
vt 0.733333 0.000000
vt 0.485714 0.000000
vt 0.009524 0.000000
vt 0.019048 0.000000
vt 0.028571 0.000000
vt 0.038095 0.000000
vt 0.047619 0.000000
vt 0.057143 0.000000
vt 0.066667 0.000000
vt 0.723810 0.000000
vt 0.076190 0.000000
vt 0.742857 0.000000
vt 0.704762 0.000000
vt 0.085714 0.000000
vt 0.695238 0.000000
vt 0.685714 0.000000
vt 0.676190 0.000000
vt 0.095238 0.000000
vt 0.657143 0.000000
vt 0.647619 0.000000
vt 0.104762 0.000000
vt 0.638095 0.000000
vt 0.628571 0.000000
vt 0.114286 0.000000
vt 0.619048 0.000000
vt 0.609524 0.000000
vt 0.123810 0.000000
vt 0.133333 0.000000
vt 0.590476 0.000000
vt 0.580952 0.000000
vt 0.152381 0.000000
vt 0.161905 0.000000
vt 0.561905 0.000000
vt 0.171429 0.000000
vt 0.552381 0.000000
vt 0.180952 0.000000
vt 0.542857 0.000000
vt 0.533333 0.000000
vt 0.190476 0.000000
vt 0.523810 0.000000
vt 0.514286 0.000000
vt 0.504762 0.000000
vt 0.495238 0.000000
vt 0.990476 0.000000
vt 0.209524 0.000000
vt 0.219048 0.000000
vt 0.228571 0.000000
vt 0.238095 0.000000
vt 0.247619 0.000000
vt 0.257143 0.000000
vt 0.266667 0.000000
vt 0.276190 0.000000
vt 0.980952 0.000000
vt 0.295238 0.000000
vt 0.971429 0.000000
vt 0.961905 0.000000
vt 0.952381 0.000000
vt 0.304762 0.000000
vt 0.942857 0.000000
vt 0.933333 0.000000
vt 0.314286 0.000000
vt 0.923810 0.000000
vt 0.914286 0.000000
vt 0.323810 0.000000
vt 0.904762 0.000000
vt 0.895238 0.000000
vt 0.885714 0.000000
vt 0.342857 0.000000
vt 0.876190 0.000000
vt 0.866667 0.000000
vt 0.352381 0.000000
vt 0.847619 0.000000
vt 0.361905 0.000000
vt 0.838095 0.000000
vt 0.371429 0.000000
vt 0.828571 0.000000
vt 0.819048 0.000000
vt 0.380952 0.000000
vt 0.809524 0.000000
vt 0.390476 0.000000
vt 0.790476 0.000000
vt 0.780952 0.000000
vt 0.771429 0.000000
vt 0.761905 0.000000
vt 0.752381 0.000000
vt 0.409524 0.000000
vt 0.419048 0.000000
vt 0.438095 0.000000
vt 0.447619 0.000000
vt 0.457143 0.000000
vt 0.466667 0.000000
vt 0.336634 0.000000
vt 0.356436 0.000000
vt 0.346535 0.000000
vt 0.366337 0.000000
vt 0.376238 0.000000
vt 0.386139 0.000000
vt 0.326733 0.000000
vt 0.396040 0.000000
vt 0.405941 0.000000
vt 0.415842 0.000000
vt 0.316832 0.000000
vt 0.425743 0.000000
vt 0.435644 0.000000
vt 0.306931 0.000000
vt 0.445545 0.000000
vt 0.455446 0.000000
vt 0.297030 0.000000
vt 0.465347 0.000000
vt 0.574257 0.000000
vt 0.564356 0.000000
vt 0.554455 0.000000
vt 0.544554 0.000000
vt 0.534653 0.000000
vt 0.524752 0.000000
vt 0.514852 0.000000
vt 0.504951 0.000000
vt 0.495050 0.000000
vt 0.485149 0.000000
vt 0.475248 0.000000
vt 0.287129 0.000000
vt 0.594059 0.000000
vt 0.584158 0.000000
vt 0.603960 0.000000
vt 0.613861 0.000000
vt 0.623762 0.000000
vt 0.277228 0.000000
vt 0.633663 0.000000
vt 0.643564 0.000000
vt 0.267327 0.000000
vt 0.653465 0.000000
vt 0.663366 0.000000
vt 0.257426 0.000000
vt 0.673267 0.000000
vt 0.247525 0.000000
vt 0.683168 0.000000
vt 0.693069 0.000000
vt 0.237624 0.000000
vt 0.702970 0.000000
vt 0.227723 0.000000
vt 0.712871 0.000000
vt 0.722772 0.000000
vt 0.217822 0.000000
vt 0.970297 0.000000
vt 0.990099 0.000000
vt 0.980198 0.000000
vt 0.960396 0.000000
vt 0.732673 0.000000
vt 0.207921 0.000000
vt 0.742574 0.000000
vt 0.950495 0.000000
vt 0.198020 0.000000
vt 0.752475 0.000000
vt 0.762376 0.000000
vt 0.188119 0.000000
vt 0.772277 0.000000
vt 0.178218 0.000000
vt 0.782178 0.000000
vt 0.792079 0.000000
vt 0.168317 0.000000
vt 0.801980 0.000000
vt 0.940594 0.000000
vt 0.930693 0.000000
vt 0.920792 0.000000
vt 0.811881 0.000000
vt 0.910891 0.000000
vt 0.900990 0.000000
vt 0.891089 0.000000
vt 0.821782 0.000000
vt 0.158416 0.000000
vt 0.881188 0.000000
vt 0.871287 0.000000
vt 0.861386 0.000000
vt 0.831683 0.000000
vt 0.851485 0.000000
vt 0.841584 0.000000
vt 0.148515 0.000000
vt 0.009901 0.000000
vt 0.138614 0.000000
vt 0.019802 0.000000
vt 0.029703 0.000000
vt 0.128713 0.000000
vt 0.039604 0.000000
vt 0.049505 0.000000
vt 0.059406 0.000000
vt 0.118812 0.000000
vt 0.069307 0.000000
vt 0.079208 0.000000
vt 0.089109 0.000000
vt 0.108911 0.000000
vt 0.099010 0.000000
vt 0.000000 1.000000
vt 0.009804 1.000000
vt 0.009804 0.000000
vt 0.019608 1.000000
vt 0.019608 0.000000
vt 0.029412 1.000000
vt 0.029412 0.000000
vt 0.039216 1.000000
vt 0.039216 0.000000
vt 0.049020 1.000000
vt 0.049020 0.000000
vt 0.058824 1.000000
vt 0.058824 0.000000
vt 0.068627 1.000000
vt 0.068627 0.000000
vt 0.078431 1.000000
vt 0.078431 0.000000
vt 0.088235 1.000000
vt 0.088235 0.000000
vt 0.098039 1.000000
vt 0.098039 0.000000
vt 0.107843 1.000000
vt 0.107843 0.000000
vt 0.117647 1.000000
vt 0.117647 0.000000
vt 0.127451 1.000000
vt 0.127451 0.000000
vt 0.137255 1.000000
vt 0.137255 0.000000
vt 0.147059 1.000000
vt 0.147059 0.000000
vt 0.156863 1.000000
vt 0.156863 0.000000
vt 0.166667 1.000000
vt 0.166667 0.000000
vt 0.176471 1.000000
vt 0.176471 0.000000
vt 0.186275 1.000000
vt 0.186275 0.000000
vt 0.196078 1.000000
vt 0.196078 0.000000
vt 0.205882 1.000000
vt 0.205882 0.000000
vt 0.215686 1.000000
vt 0.215686 0.000000
vt 0.225490 1.000000
vt 0.225490 0.000000
vt 0.235294 1.000000
vt 0.235294 0.000000
vt 0.245098 1.000000
vt 0.245098 0.000000
vt 0.254902 1.000000
vt 0.254902 0.000000
vt 0.264706 1.000000
vt 0.264706 0.000000
vt 0.274510 1.000000
vt 0.274510 0.000000
vt 0.284314 1.000000
vt 0.284314 0.000000
vt 0.294118 1.000000
vt 0.294118 0.000000
vt 0.303922 1.000000
vt 0.303922 0.000000
vt 0.313726 1.000000
vt 0.313726 0.000000
vt 0.323529 1.000000
vt 0.323529 0.000000
vt 0.333333 1.000000
vt 0.343137 1.000000
vt 0.343137 0.000000
vt 0.352941 1.000000
vt 0.352941 0.000000
vt 0.362745 1.000000
vt 0.362745 0.000000
vt 0.372549 1.000000
vt 0.372549 0.000000
vt 0.382353 1.000000
vt 0.382353 0.000000
vt 0.392157 1.000000
vt 0.392157 0.000000
vt 0.401961 1.000000
vt 0.401961 0.000000
vt 0.411765 1.000000
vt 0.411765 0.000000
vt 0.421569 1.000000
vt 0.421569 0.000000
vt 0.431373 1.000000
vt 0.431373 0.000000
vt 0.441176 1.000000
vt 0.441176 0.000000
vt 0.450980 1.000000
vt 0.450980 0.000000
vt 0.460784 1.000000
vt 0.460784 0.000000
vt 0.470588 1.000000
vt 0.470588 0.000000
vt 0.480392 1.000000
vt 0.480392 0.000000
vt 0.490196 1.000000
vt 0.490196 0.000000
vt 0.500000 1.000000
vt 0.509804 1.000000
vt 0.509804 0.000000
vt 0.519608 1.000000
vt 0.519608 0.000000
vt 0.529412 1.000000
vt 0.529412 0.000000
vt 0.539216 1.000000
vt 0.539216 0.000000
vt 0.549020 1.000000
vt 0.549020 0.000000
vt 0.558824 1.000000
vt 0.558824 0.000000
vt 0.568627 1.000000
vt 0.568627 0.000000
vt 0.578431 1.000000
vt 0.578431 0.000000
vt 0.588235 1.000000
vt 0.588235 0.000000
vt 0.598039 1.000000
vt 0.598039 0.000000
vt 0.607843 1.000000
vt 0.607843 0.000000
vt 0.617647 1.000000
vt 0.617647 0.000000
vt 0.627451 1.000000
vt 0.627451 0.000000
vt 0.637255 1.000000
vt 0.637255 0.000000
vt 0.647059 1.000000
vt 0.647059 0.000000
vt 0.656863 1.000000
vt 0.656863 0.000000
vt 0.666667 1.000000
vt 0.676471 1.000000
vt 0.676471 0.000000
vt 0.686275 1.000000
vt 0.686275 0.000000
vt 0.696078 1.000000
vt 0.696078 0.000000
vt 0.705882 1.000000
vt 0.705882 0.000000
vt 0.715686 1.000000
vt 0.715686 0.000000
vt 0.725490 1.000000
vt 0.725490 0.000000
vt 0.735294 1.000000
vt 0.735294 0.000000
vt 0.745098 1.000000
vt 0.745098 0.000000
vt 0.754902 1.000000
vt 0.754902 0.000000
vt 0.764706 1.000000
vt 0.764706 0.000000
vt 0.774510 1.000000
vt 0.774510 0.000000
vt 0.784314 1.000000
vt 0.784314 0.000000
vt 0.794118 1.000000
vt 0.794118 0.000000
vt 0.803922 1.000000
vt 0.803922 0.000000
vt 0.813725 1.000000
vt 0.813725 0.000000
vt 0.823529 1.000000
vt 0.823529 0.000000
vt 0.833333 1.000000
vt 0.833333 0.000000
vt 0.843137 1.000000
vt 0.843137 0.000000
vt 0.852941 1.000000
vt 0.852941 0.000000
vt 0.862745 1.000000
vt 0.862745 0.000000
vt 0.872549 1.000000
vt 0.872549 0.000000
vt 0.882353 1.000000
vt 0.882353 0.000000
vt 0.892157 1.000000
vt 0.892157 0.000000
vt 0.901961 1.000000
vt 0.901961 0.000000
vt 0.911765 1.000000
vt 0.911765 0.000000
vt 0.921569 1.000000
vt 0.921569 0.000000
vt 0.931373 1.000000
vt 0.931373 0.000000
vt 0.941176 1.000000
vt 0.941176 0.000000
vt 0.950980 1.000000
vt 0.950980 0.000000
vt 0.960784 1.000000
vt 0.960784 0.000000
vt 0.970588 1.000000
vt 0.970588 0.000000
vt 0.980392 1.000000
vt 0.980392 0.000000
vt 0.990196 1.000000
vt 0.990196 0.000000
vt 1.000000 1.000000
vt 0.125000 1.000000
vt 0.125000 0.000000
vt 0.250000 1.000000
vt 0.250000 0.000000
vt 0.375000 1.000000
vt 0.375000 0.000000
vt 0.625000 1.000000
vt 0.625000 0.000000
vt 0.750000 1.000000
vt 0.750000 0.000000
vt 0.875000 1.000000
vt 0.875000 0.000000
vt 0.100000 1.000000
vt 0.200000 1.000000
vt 0.300000 1.000000
vt 0.400000 1.000000
vt 0.600000 1.000000
vt 0.700000 1.000000
vt 0.800000 1.000000
vt 0.900000 1.000000
vt 0.019231 1.000000
vt 0.019231 0.000000
vt 0.038462 1.000000
vt 0.038462 0.000000
vt 0.057692 1.000000
vt 0.057692 0.000000
vt 0.076923 1.000000
vt 0.076923 0.000000
vt 0.096154 1.000000
vt 0.096154 0.000000
vt 0.115385 1.000000
vt 0.115385 0.000000
vt 0.134615 1.000000
vt 0.134615 0.000000
vt 0.153846 1.000000
vt 0.153846 0.000000
vt 0.173077 1.000000
vt 0.173077 0.000000
vt 0.192308 1.000000
vt 0.192308 0.000000
vt 0.211538 1.000000
vt 0.211538 0.000000
vt 0.230769 1.000000
vt 0.230769 0.000000
vt 0.269231 1.000000
vt 0.269231 0.000000
vt 0.288462 1.000000
vt 0.288462 0.000000
vt 0.307692 1.000000
vt 0.307692 0.000000
vt 0.326923 1.000000
vt 0.326923 0.000000
vt 0.346154 1.000000
vt 0.346154 0.000000
vt 0.365385 1.000000
vt 0.365385 0.000000
vt 0.384615 1.000000
vt 0.384615 0.000000
vt 0.403846 1.000000
vt 0.403846 0.000000
vt 0.423077 1.000000
vt 0.423077 0.000000
vt 0.442308 1.000000
vt 0.442308 0.000000
vt 0.461538 1.000000
vt 0.461538 0.000000
vt 0.480769 1.000000
vt 0.480769 0.000000
vt 0.519231 1.000000
vt 0.519231 0.000000
vt 0.538462 1.000000
vt 0.538462 0.000000
vt 0.557692 1.000000
vt 0.557692 0.000000
vt 0.576923 1.000000
vt 0.576923 0.000000
vt 0.596154 1.000000
vt 0.596154 0.000000
vt 0.615385 1.000000
vt 0.615385 0.000000
vt 0.634615 1.000000
vt 0.634615 0.000000
vt 0.653846 1.000000
vt 0.653846 0.000000
vt 0.673077 1.000000
vt 0.673077 0.000000
vt 0.692308 1.000000
vt 0.692308 0.000000
vt 0.711538 1.000000
vt 0.711538 0.000000
vt 0.730769 1.000000
vt 0.730769 0.000000
vt 0.769231 1.000000
vt 0.769231 0.000000
vt 0.788462 1.000000
vt 0.788462 0.000000
vt 0.807692 1.000000
vt 0.807692 0.000000
vt 0.826923 1.000000
vt 0.826923 0.000000
vt 0.846154 1.000000
vt 0.846154 0.000000
vt 0.865385 1.000000
vt 0.865385 0.000000
vt 0.884615 1.000000
vt 0.884615 0.000000
vt 0.903846 1.000000
vt 0.903846 0.000000
vt 0.923077 1.000000
vt 0.923077 0.000000
vt 0.942308 1.000000
vt 0.942308 0.000000
vt 0.961538 1.000000
vt 0.961538 0.000000
vt 0.980769 1.000000
vt 0.980769 0.000000
vt 0.037037 1.000000
vt 0.037037 0.000000
vt 0.074074 1.000000
vt 0.074074 0.000000
vt 0.111111 1.000000
vt 0.148148 1.000000
vt 0.148148 0.000000
vt 0.185185 1.000000
vt 0.185185 0.000000
vt 0.222222 1.000000
vt 0.259259 1.000000
vt 0.259259 0.000000
vt 0.296296 1.000000
vt 0.296296 0.000000
vt 0.370370 1.000000
vt 0.370370 0.000000
vt 0.407407 1.000000
vt 0.407407 0.000000
vt 0.444444 1.000000
vt 0.481481 1.000000
vt 0.481481 0.000000
vt 0.518519 1.000000
vt 0.518519 0.000000
vt 0.555556 1.000000
vt 0.592593 1.000000
vt 0.592593 0.000000
vt 0.629630 1.000000
vt 0.629630 0.000000
vt 0.703704 1.000000
vt 0.703704 0.000000
vt 0.740741 1.000000
vt 0.740741 0.000000
vt 0.777778 1.000000
vt 0.814815 1.000000
vt 0.814815 0.000000
vt 0.851852 1.000000
vt 0.851852 0.000000
vt 0.888889 1.000000
vt 0.925926 1.000000
vt 0.925926 0.000000
vt 0.962963 1.000000
vt 0.962963 0.000000
vt 0.014925 1.000000
vt 0.014925 0.000000
vt 0.029851 1.000000
vt 0.029851 0.000000
vt 0.044776 1.000000
vt 0.044776 0.000000
vt 0.059701 1.000000
vt 0.059701 0.000000
vt 0.074627 1.000000
vt 0.074627 0.000000
vt 0.089552 1.000000
vt 0.089552 0.000000
vt 0.104478 1.000000
vt 0.104478 0.000000
vt 0.119403 1.000000
vt 0.119403 0.000000
vt 0.134328 1.000000
vt 0.134328 0.000000
vt 0.149254 1.000000
vt 0.149254 0.000000
vt 0.164179 1.000000
vt 0.164179 0.000000
vt 0.179104 1.000000
vt 0.179104 0.000000
vt 0.194030 1.000000
vt 0.194030 0.000000
vt 0.208955 1.000000
vt 0.208955 0.000000
vt 0.223881 1.000000
vt 0.223881 0.000000
vt 0.238806 1.000000
vt 0.238806 0.000000
vt 0.253731 1.000000
vt 0.253731 0.000000
vt 0.268657 1.000000
vt 0.268657 0.000000
vt 0.283582 1.000000
vt 0.283582 0.000000
vt 0.298507 1.000000
vt 0.298507 0.000000
vt 0.313433 1.000000
vt 0.313433 0.000000
vt 0.328358 1.000000
vt 0.328358 0.000000
vt 0.343284 1.000000
vt 0.343284 0.000000
vt 0.358209 1.000000
vt 0.358209 0.000000
vt 0.373134 1.000000
vt 0.373134 0.000000
vt 0.388060 1.000000
vt 0.388060 0.000000
vt 0.402985 1.000000
vt 0.402985 0.000000
vt 0.417910 1.000000
vt 0.417910 0.000000
vt 0.432836 1.000000
vt 0.432836 0.000000
vt 0.447761 1.000000
vt 0.447761 0.000000
vt 0.462687 1.000000
vt 0.462687 0.000000
vt 0.477612 1.000000
vt 0.477612 0.000000
vt 0.492537 1.000000
vt 0.492537 0.000000
vt 0.507463 1.000000
vt 0.507463 0.000000
vt 0.522388 1.000000
vt 0.522388 0.000000
vt 0.537313 1.000000
vt 0.537313 0.000000
vt 0.552239 1.000000
vt 0.552239 0.000000
vt 0.567164 1.000000
vt 0.567164 0.000000
vt 0.582090 1.000000
vt 0.582090 0.000000
vt 0.597015 1.000000
vt 0.597015 0.000000
vt 0.611940 1.000000
vt 0.611940 0.000000
vt 0.626866 1.000000
vt 0.626866 0.000000
vt 0.641791 1.000000
vt 0.641791 0.000000
vt 0.656716 1.000000
vt 0.656716 0.000000
vt 0.671642 1.000000
vt 0.671642 0.000000
vt 0.686567 1.000000
vt 0.686567 0.000000
vt 0.701493 1.000000
vt 0.701493 0.000000
vt 0.716418 1.000000
vt 0.716418 0.000000
vt 0.731343 1.000000
vt 0.731343 0.000000
vt 0.746269 1.000000
vt 0.746269 0.000000
vt 0.761194 1.000000
vt 0.761194 0.000000
vt 0.776119 1.000000
vt 0.776119 0.000000
vt 0.791045 1.000000
vt 0.791045 0.000000
vt 0.805970 1.000000
vt 0.805970 0.000000
vt 0.820895 1.000000
vt 0.820895 0.000000
vt 0.835821 1.000000
vt 0.835821 0.000000
vt 0.850746 1.000000
vt 0.850746 0.000000
vt 0.865672 1.000000
vt 0.865672 0.000000
vt 0.880597 1.000000
vt 0.880597 0.000000
vt 0.895522 1.000000
vt 0.895522 0.000000
vt 0.910448 1.000000
vt 0.910448 0.000000
vt 0.925373 1.000000
vt 0.925373 0.000000
vt 0.940298 1.000000
vt 0.940298 0.000000
vt 0.955224 1.000000
vt 0.955224 0.000000
vt 0.970149 1.000000
vt 0.970149 0.000000
vt 0.985075 1.000000
vt 0.985075 0.000000
vt 0.012821 1.000000
vt 0.012821 0.000000
vt 0.025641 1.000000
vt 0.025641 0.000000
vt 0.051282 1.000000
vt 0.051282 0.000000
vt 0.064103 1.000000
vt 0.064103 0.000000
vt 0.089744 1.000000
vt 0.089744 0.000000
vt 0.102564 1.000000
vt 0.102564 0.000000
vt 0.128205 1.000000
vt 0.128205 0.000000
vt 0.141026 1.000000
vt 0.141026 0.000000
vt 0.179487 1.000000
vt 0.179487 0.000000
vt 0.205128 1.000000
vt 0.205128 0.000000
vt 0.217949 1.000000
vt 0.217949 0.000000
vt 0.243590 1.000000
vt 0.243590 0.000000
vt 0.256410 1.000000
vt 0.256410 0.000000
vt 0.282051 1.000000
vt 0.282051 0.000000
vt 0.294872 1.000000
vt 0.294872 0.000000
vt 0.320513 1.000000
vt 0.320513 0.000000
vt 0.358974 1.000000
vt 0.358974 0.000000
vt 0.371795 1.000000
vt 0.371795 0.000000
vt 0.397436 1.000000
vt 0.397436 0.000000
vt 0.410256 1.000000
vt 0.410256 0.000000
vt 0.435897 1.000000
vt 0.435897 0.000000
vt 0.448718 1.000000
vt 0.448718 0.000000
vt 0.474359 1.000000
vt 0.474359 0.000000
vt 0.487179 1.000000
vt 0.487179 0.000000
vt 0.512821 1.000000
vt 0.512821 0.000000
vt 0.525641 1.000000
vt 0.525641 0.000000
vt 0.551282 1.000000
vt 0.551282 0.000000
vt 0.564103 1.000000
vt 0.564103 0.000000
vt 0.589744 1.000000
vt 0.589744 0.000000
vt 0.602564 1.000000
vt 0.602564 0.000000
vt 0.628205 1.000000
vt 0.628205 0.000000
vt 0.641026 1.000000
vt 0.641026 0.000000
vt 0.679487 1.000000
vt 0.679487 0.000000
vt 0.705128 1.000000
vt 0.705128 0.000000
vt 0.717949 1.000000
vt 0.717949 0.000000
vt 0.743590 1.000000
vt 0.743590 0.000000
vt 0.756410 1.000000
vt 0.756410 0.000000
vt 0.782051 1.000000
vt 0.782051 0.000000
vt 0.794872 1.000000
vt 0.794872 0.000000
vt 0.820513 1.000000
vt 0.820513 0.000000
vt 0.858974 1.000000
vt 0.858974 0.000000
vt 0.871795 1.000000
vt 0.871795 0.000000
vt 0.897436 1.000000
vt 0.897436 0.000000
vt 0.910256 1.000000
vt 0.910256 0.000000
vt 0.935897 1.000000
vt 0.935897 0.000000
vt 0.948718 1.000000
vt 0.948718 0.000000
vt 0.974359 1.000000
vt 0.974359 0.000000
vt 0.987179 1.000000
vt 0.987179 0.000000
vt 0.066667 1.000000
vt 0.133333 1.000000
vt 0.266667 1.000000
vt 0.466667 1.000000
vt 0.533333 1.000000
vt 0.733333 1.000000
vt 0.866667 1.000000
vt 0.933333 1.000000
s 0
f 4/1/1 6/2/1 5/3/1
f 4/1/1 2/4/1 6/2/1
f 2/4/1 7/5/1 6/2/1
f 7/5/1 9/6/1 8/7/1
f 7/5/1 10/8/1 9/6/1
f 4/1/1 3/9/1 2/4/1
f 1/10/1 7/5/1 2/4/1
f 1/10/1 10/8/1 7/5/1
f 15/11/1 17/12/1 16/13/1
f 15/11/1 20/14/1 17/12/1
f 20/14/1 18/15/1 17/12/1
f 15/11/1 21/8/1 20/14/1
f 19/16/1 18/15/1 20/14/1
f 15/11/1 13/17/1 21/8/1
f 13/17/1 19/16/1 21/8/1
f 13/17/1 12/18/1 19/16/1
f 12/18/1 18/15/1 19/16/1
f 15/11/1 14/19/1 13/17/1
f 11/10/1 18/15/1 12/18/1
f 30/20/1 32/21/1 31/22/1
f 30/20/1 28/23/1 32/21/1
f 28/23/1 27/24/1 32/21/1
f 27/24/1 33/25/1 32/21/1
f 33/25/1 35/26/1 34/27/1
f 33/25/1 24/28/1 35/26/1
f 24/28/1 23/29/1 35/26/1
f 23/29/1 36/8/1 35/26/1
f 30/20/1 29/13/1 28/23/1
f 26/30/1 33/25/1 27/24/1
f 33/25/1 25/31/1 24/28/1
f 22/10/1 36/8/1 23/29/1
f 26/30/1 25/31/1 33/25/1
f 60/32/1 62/33/1 61/34/1
f 60/32/1 63/35/1 62/33/1
f 111/36/1 113/37/1 112/38/1
f 111/36/1 114/8/1 113/37/1
f 110/39/1 114/8/1 111/36/1
f 60/32/1 64/40/1 63/35/1
f 109/41/1 114/8/1 110/39/1
f 109/41/1 37/10/1 114/8/1
f 60/32/1 65/42/1 64/40/1
f 59/30/1 65/42/1 60/32/1
f 108/43/1 37/10/1 109/41/1
f 59/30/1 66/44/1 65/42/1
f 107/45/1 37/10/1 108/43/1
f 59/30/1 67/46/1 66/44/1
f 107/45/1 38/47/1 37/10/1
f 106/48/1 38/47/1 107/45/1
f 59/30/1 68/49/1 67/46/1
f 58/50/1 68/49/1 59/30/1
f 105/51/1 38/47/1 106/48/1
f 58/50/1 69/52/1 68/49/1
f 104/53/1 38/47/1 105/51/1
f 58/50/1 70/23/1 69/52/1
f 104/53/1 39/54/1 38/47/1
f 103/27/1 39/54/1 104/53/1
f 58/50/1 71/55/1 70/23/1
f 102/56/1 39/54/1 103/27/1
f 57/57/1 71/55/1 58/50/1
f 57/57/1 72/58/1 71/55/1
f 101/59/1 39/54/1 102/56/1
f 57/57/1 73/60/1 72/58/1
f 57/57/1 74/61/1 73/60/1
f 100/62/1 39/54/1 101/59/1
f 100/62/1 40/63/1 39/54/1
f 57/57/1 75/64/1 74/61/1
f 99/65/1 40/63/1 100/62/1
f 57/57/1 76/66/1 75/64/1
f 56/67/1 76/66/1 57/57/1
f 98/68/1 40/63/1 99/65/1
f 56/67/1 77/69/1 76/66/1
f 97/70/1 40/63/1 98/68/1
f 97/70/1 41/71/1 40/63/1
f 56/67/1 78/72/1 77/69/1
f 96/73/1 41/71/1 97/70/1
f 95/74/1 41/71/1 96/73/1
f 56/67/1 79/75/1 78/72/1
f 94/76/1 41/71/1 95/74/1
f 56/67/1 80/77/1 79/75/1
f 55/78/1 80/77/1 56/67/1
f 93/79/1 41/71/1 94/76/1
f 55/78/1 81/20/1 80/77/1
f 92/21/1 41/71/1 93/79/1
f 55/78/1 82/80/1 81/20/1
f 92/21/1 42/81/1 41/71/1
f 91/82/1 42/81/1 92/21/1
f 55/78/1 83/83/1 82/80/1
f 90/84/1 42/81/1 91/82/1
f 55/78/1 84/85/1 83/83/1
f 89/86/1 42/81/1 90/84/1
f 55/78/1 85/87/1 84/85/1
f 88/88/1 42/81/1 89/86/1
f 55/78/1 86/89/1 85/87/1
f 87/90/1 42/81/1 88/88/1
f 55/78/1 87/90/1 86/89/1
f 55/78/1 42/81/1 87/90/1
f 54/91/1 42/81/1 55/78/1
f 54/91/1 43/92/1 42/81/1
f 53/93/1 43/92/1 54/91/1
f 53/93/1 44/94/1 43/92/1
f 52/95/1 44/94/1 53/93/1
f 52/95/1 45/96/1 44/94/1
f 51/97/1 45/96/1 52/95/1
f 51/97/1 46/98/1 45/96/1
f 50/99/1 46/98/1 51/97/1
f 50/99/1 47/100/1 46/98/1
f 49/101/1 47/100/1 50/99/1
f 49/101/1 48/28/1 47/100/1
f 179/102/1 207/103/1 180/104/1
f 207/103/1 181/105/1 180/104/1
f 207/103/1 115/10/1 181/105/1
f 207/103/1 116/106/1 115/10/1
f 207/103/1 117/107/1 116/106/1
f 207/103/1 118/108/1 117/107/1
f 207/103/1 119/109/1 118/108/1
f 207/103/1 120/110/1 119/109/1
f 207/103/1 121/111/1 120/110/1
f 207/103/1 206/112/1 121/111/1
f 206/112/1 122/113/1 121/111/1
f 179/102/1 208/8/1 207/103/1
f 205/114/1 122/113/1 206/112/1
f 204/115/1 122/113/1 205/114/1
f 203/116/1 122/113/1 204/115/1
f 203/116/1 123/117/1 122/113/1
f 202/118/1 123/117/1 203/116/1
f 201/119/1 123/117/1 202/118/1
f 200/120/1 123/117/1 201/119/1
f 200/120/1 124/121/1 123/117/1
f 199/122/1 124/121/1 200/120/1
f 198/123/1 124/121/1 199/122/1
f 197/124/1 124/121/1 198/123/1
f 197/124/1 125/125/1 124/121/1
f 196/126/1 125/125/1 197/124/1
f 195/127/1 125/125/1 196/126/1
f 195/127/1 126/128/1 125/125/1
f 194/129/1 126/128/1 195/127/1
f 193/130/1 126/128/1 194/129/1
f 193/130/1 127/131/1 126/128/1
f 192/132/1 127/131/1 193/130/1
f 192/132/1 128/133/1 127/131/1
f 191/134/1 128/133/1 192/132/1
f 190/135/1 128/133/1 191/134/1
f 190/135/1 129/136/1 128/133/1
f 189/137/1 129/136/1 190/135/1
f 189/137/1 130/138/1 129/136/1
f 188/139/1 130/138/1 189/137/1
f 188/139/1 131/140/1 130/138/1
f 187/141/1 131/140/1 188/139/1
f 186/142/1 131/140/1 187/141/1
f 186/142/1 132/143/1 131/140/1
f 185/144/1 132/143/1 186/142/1
f 184/145/1 132/143/1 185/144/1
f 184/145/1 133/146/1 132/143/1
f 183/147/1 133/146/1 184/145/1
f 182/148/1 133/146/1 183/147/1
f 179/102/1 177/5/1 208/8/1
f 177/5/1 182/148/1 208/8/1
f 177/5/1 133/146/1 182/148/1
f 177/5/1 134/149/1 133/146/1
f 177/5/1 135/150/1 134/149/1
f 177/5/1 136/151/1 135/150/1
f 177/5/1 137/152/1 136/151/1
f 177/5/1 138/153/1 137/152/1
f 177/5/1 139/154/1 138/153/1
f 177/5/1 140/155/1 139/154/1
f 177/5/1 176/156/1 140/155/1
f 176/156/1 175/157/1 140/155/1
f 175/157/1 141/158/1 140/155/1
f 179/102/1 178/159/1 177/5/1
f 174/160/1 141/158/1 175/157/1
f 173/161/1 141/158/1 174/160/1
f 172/162/1 141/158/1 173/161/1
f 172/162/1 142/163/1 141/158/1
f 171/164/1 142/163/1 172/162/1
f 170/165/1 142/163/1 171/164/1
f 170/165/1 143/166/1 142/163/1
f 169/167/1 143/166/1 170/165/1
f 169/167/1 144/168/1 143/166/1
f 168/169/1 144/168/1 169/167/1
f 168/169/1 145/170/1 144/168/1
f 167/171/1 145/170/1 168/169/1
f 167/171/1 146/1/1 145/170/1
f 166/172/1 146/1/1 167/171/1
f 166/172/1 147/173/1 146/1/1
f 165/174/1 147/173/1 166/172/1
f 165/174/1 148/175/1 147/173/1
f 165/174/1 149/176/1 148/175/1
f 164/177/1 149/176/1 165/174/1
f 164/177/1 150/178/1 149/176/1
f 163/179/1 150/178/1 164/177/1
f 163/179/1 151/180/1 150/178/1
f 163/179/1 152/181/1 151/180/1
f 163/179/1 153/182/1 152/181/1
f 163/179/1 154/183/1 153/182/1
f 163/179/1 155/184/1 154/183/1
f 163/179/1 156/185/1 155/184/1
f 163/179/1 157/186/1 156/185/1
f 163/179/1 158/187/1 157/186/1
f 163/179/1 159/188/1 158/187/1
f 163/179/1 160/189/1 159/188/1
f 163/179/1 161/190/1 160/189/1
f 163/179/1 162/191/1 161/190/1
f 213/11/1 215/12/1 214/13/1
f 213/11/1 218/14/1 215/12/1
f 218/14/1 216/15/1 215/12/1
f 213/11/1 219/8/1 218/14/1
f 217/16/1 216/15/1 218/14/1
f 213/11/1 211/17/1 219/8/1
f 211/17/1 217/16/1 219/8/1
f 211/17/1 210/18/1 217/16/1
f 210/18/1 216/15/1 217/16/1
f 213/11/1 212/19/1 211/17/1
f 209/10/1 216/15/1 210/18/1
f 270/192/1 297/193/1 271/194/1
f 297/193/1 220/10/1 271/194/1
f 297/193/1 221/195/1 220/10/1
f 297/193/1 222/196/1 221/195/1
f 297/193/1 223/197/1 222/196/1
f 297/193/1 224/198/1 223/197/1
f 297/193/1 225/199/1 224/198/1
f 297/193/1 226/200/1 225/199/1
f 297/193/1 227/201/1 226/200/1
f 297/193/1 296/202/1 227/201/1
f 296/202/1 228/203/1 227/201/1
f 270/192/1 298/204/1 297/193/1
f 295/21/1 228/203/1 296/202/1
f 294/205/1 228/203/1 295/21/1
f 294/205/1 229/206/1 228/203/1
f 293/207/1 229/206/1 294/205/1
f 292/208/1 229/206/1 293/207/1
f 291/209/1 229/206/1 292/208/1
f 290/5/1 229/206/1 291/209/1
f 290/5/1 230/210/1 229/206/1
f 289/211/1 230/210/1 290/5/1
f 288/212/1 230/210/1 289/211/1
f 288/212/1 231/213/1 230/210/1
f 287/214/1 231/213/1 288/212/1
f 286/215/1 231/213/1 287/214/1
f 286/215/1 232/216/1 231/213/1
f 285/217/1 232/216/1 286/215/1
f 284/218/1 232/216/1 285/217/1
f 284/218/1 233/219/1 232/216/1
f 283/12/1 233/219/1 284/218/1
f 283/12/1 234/220/1 233/219/1
f 282/221/1 234/220/1 283/12/1
f 282/221/1 235/28/1 234/220/1
f 281/222/1 235/28/1 282/221/1
f 281/222/1 236/223/1 235/28/1
f 280/20/1 236/223/1 281/222/1
f 280/20/1 237/224/1 236/223/1
f 279/225/1 237/224/1 280/20/1
f 279/225/1 238/226/1 237/224/1
f 278/227/1 238/226/1 279/225/1
f 278/227/1 239/228/1 238/226/1
f 277/229/1 239/228/1 278/227/1
f 276/230/1 239/228/1 277/229/1
f 276/230/1 240/231/1 239/228/1
f 275/232/1 240/231/1 276/230/1
f 275/232/1 241/17/1 240/231/1
f 274/233/1 241/17/1 275/232/1
f 273/234/1 241/17/1 274/233/1
f 272/235/1 241/17/1 273/234/1
f 270/192/1 324/236/1 298/204/1
f 324/236/1 272/235/1 298/204/1
f 324/236/1 241/17/1 272/235/1
f 324/236/1 242/237/1 241/17/1
f 324/236/1 243/238/1 242/237/1
f 324/236/1 244/239/1 243/238/1
f 324/236/1 245/240/1 244/239/1
f 324/236/1 246/241/1 245/240/1
f 324/236/1 247/242/1 246/241/1
f 324/236/1 248/243/1 247/242/1
f 324/236/1 249/244/1 248/243/1
f 324/236/1 250/30/1 249/244/1
f 324/236/1 323/245/1 250/30/1
f 323/245/1 251/246/1 250/30/1
f 270/192/1 325/8/1 324/236/1
f 322/247/1 251/246/1 323/245/1
f 321/248/1 251/246/1 322/247/1
f 320/249/1 251/246/1 321/248/1
f 320/249/1 252/250/1 251/246/1
f 319/251/1 252/250/1 320/249/1
f 318/252/1 252/250/1 319/251/1
f 318/252/1 253/253/1 252/250/1
f 317/254/1 253/253/1 318/252/1
f 316/255/1 253/253/1 317/254/1
f 316/255/1 254/256/1 253/253/1
f 315/257/1 254/256/1 316/255/1
f 314/258/1 254/256/1 315/257/1
f 314/258/1 255/1/1 254/256/1
f 313/259/1 255/1/1 314/258/1
f 313/259/1 256/260/1 255/1/1
f 312/261/1 256/260/1 313/259/1
f 311/262/1 256/260/1 312/261/1
f 311/262/1 257/263/1 256/260/1
f 310/27/1 257/263/1 311/262/1
f 309/264/1 257/263/1 310/27/1
f 309/264/1 258/265/1 257/263/1
f 308/266/1 258/265/1 309/264/1
f 308/266/1 259/267/1 258/265/1
f 307/268/1 259/267/1 308/266/1
f 306/269/1 259/267/1 307/268/1
f 306/269/1 260/270/1 259/267/1
f 305/271/1 260/270/1 306/269/1
f 304/16/1 260/270/1 305/271/1
f 304/16/1 261/272/1 260/270/1
f 303/273/1 261/272/1 304/16/1
f 302/274/1 261/272/1 303/273/1
f 301/275/1 261/272/1 302/274/1
f 301/275/1 262/11/1 261/272/1
f 300/276/1 262/11/1 301/275/1
f 299/277/1 262/11/1 300/276/1
f 270/192/1 299/277/1 325/8/1
f 270/192/1 262/11/1 299/277/1
f 270/192/1 263/278/1 262/11/1
f 270/192/1 264/279/1 263/278/1
f 270/192/1 265/23/1 264/279/1
f 270/192/1 266/280/1 265/23/1
f 270/192/1 267/281/1 266/280/1
f 270/192/1 268/282/1 267/281/1
f 270/192/1 269/283/1 268/282/1
f 329/1/1 331/2/1 330/3/1
f 329/1/1 327/4/1 331/2/1
f 327/4/1 332/5/1 331/2/1
f 332/5/1 334/6/1 333/7/1
f 332/5/1 335/8/1 334/6/1
f 329/1/1 328/9/1 327/4/1
f 326/10/1 332/5/1 327/4/1
f 326/10/1 335/8/1 332/5/1
f 340/11/1 342/12/1 341/13/1
f 340/11/1 345/14/1 342/12/1
f 345/14/1 343/15/1 342/12/1
f 340/11/1 346/8/1 345/14/1
f 344/16/1 343/15/1 345/14/1
f 340/11/1 338/17/1 346/8/1
f 338/17/1 344/16/1 346/8/1
f 338/17/1 337/18/1 344/16/1
f 337/18/1 343/15/1 344/16/1
f 340/11/1 339/19/1 338/17/1
f 336/10/1 343/15/1 337/18/1
f 381/284/1 383/285/1 382/286/1
f 381/284/1 384/287/1 383/285/1
f 381/284/1 385/288/1 384/287/1
f 381/284/1 386/289/1 385/288/1
f 380/290/1 386/289/1 381/284/1
f 380/290/1 387/291/1 386/289/1
f 380/290/1 388/292/1 387/291/1
f 380/290/1 389/293/1 388/292/1
f 379/294/1 389/293/1 380/290/1
f 379/294/1 390/295/1 389/293/1
f 379/294/1 391/296/1 390/295/1
f 378/297/1 391/296/1 379/294/1
f 378/297/1 392/298/1 391/296/1
f 378/297/1 393/299/1 392/298/1
f 377/300/1 393/299/1 378/297/1
f 377/300/1 394/301/1 393/299/1
f 377/300/1 405/302/1 394/301/1
f 405/302/1 404/303/1 394/301/1
f 404/303/1 403/304/1 394/301/1
f 403/304/1 402/305/1 394/301/1
f 402/305/1 401/306/1 394/301/1
f 401/306/1 400/307/1 394/301/1
f 400/307/1 399/308/1 394/301/1
f 399/308/1 398/309/1 394/301/1
f 398/309/1 397/310/1 394/301/1
f 397/310/1 396/311/1 394/301/1
f 396/311/1 395/312/1 394/301/1
f 376/313/1 407/314/1 377/300/1
f 407/314/1 406/315/1 377/300/1
f 406/315/1 405/302/1 377/300/1
f 376/313/1 408/316/1 407/314/1
f 376/313/1 409/317/1 408/316/1
f 376/313/1 410/318/1 409/317/1
f 375/319/1 410/318/1 376/313/1
f 375/319/1 411/320/1 410/318/1
f 375/319/1 412/321/1 411/320/1
f 374/322/1 412/321/1 375/319/1
f 374/322/1 413/323/1 412/321/1
f 374/322/1 414/324/1 413/323/1
f 373/325/1 414/324/1 374/322/1
f 373/325/1 415/326/1 414/324/1
f 372/327/1 415/326/1 373/325/1
f 372/327/1 416/328/1 415/326/1
f 372/327/1 417/329/1 416/328/1
f 371/330/1 417/329/1 372/327/1
f 371/330/1 418/331/1 417/329/1
f 370/332/1 418/331/1 371/330/1
f 370/332/1 419/333/1 418/331/1
f 370/332/1 420/334/1 419/333/1
f 369/335/1 420/334/1 370/332/1
f 445/336/1 447/337/1 446/338/1
f 445/336/1 444/339/1 447/337/1
f 444/339/1 448/8/1 447/337/1
f 369/335/1 421/340/1 420/334/1
f 368/341/1 421/340/1 369/335/1
f 368/341/1 422/342/1 421/340/1
f 443/343/1 448/8/1 444/339/1
f 367/344/1 422/342/1 368/341/1
f 367/344/1 423/345/1 422/342/1
f 367/344/1 424/346/1 423/345/1
f 366/347/1 424/346/1 367/344/1
f 366/347/1 425/348/1 424/346/1
f 365/349/1 425/348/1 366/347/1
f 365/349/1 426/350/1 425/348/1
f 365/349/1 427/351/1 426/350/1
f 364/352/1 427/351/1 365/349/1
f 364/352/1 428/353/1 427/351/1
f 442/354/1 448/8/1 443/343/1
f 441/355/1 448/8/1 442/354/1
f 440/356/1 448/8/1 441/355/1
f 364/352/1 429/357/1 428/353/1
f 439/358/1 448/8/1 440/356/1
f 438/359/1 448/8/1 439/358/1
f 437/360/1 448/8/1 438/359/1
f 364/352/1 430/361/1 429/357/1
f 363/362/1 430/361/1 364/352/1
f 436/363/1 448/8/1 437/360/1
f 435/364/1 448/8/1 436/363/1
f 434/365/1 448/8/1 435/364/1
f 363/362/1 431/366/1 430/361/1
f 433/367/1 448/8/1 434/365/1
f 432/368/1 448/8/1 433/367/1
f 431/366/1 448/8/1 432/368/1
f 363/362/1 448/8/1 431/366/1
f 362/369/1 448/8/1 363/362/1
f 362/369/1 347/10/1 448/8/1
f 362/369/1 348/370/1 347/10/1
f 361/371/1 348/370/1 362/369/1
f 361/371/1 349/372/1 348/370/1
f 361/371/1 350/373/1 349/372/1
f 360/374/1 350/373/1 361/371/1
f 360/374/1 351/375/1 350/373/1
f 360/374/1 352/376/1 351/375/1
f 360/374/1 353/377/1 352/376/1
f 359/378/1 353/377/1 360/374/1
f 359/378/1 354/379/1 353/377/1
f 359/378/1 355/380/1 354/379/1
f 359/378/1 356/381/1 355/380/1
f 358/382/1 356/381/1 359/378/1
f 358/382/1 357/383/1 356/381/1
f 452/1/2 453/3/2 454/2/2
f 452/1/2 454/2/2 450/4/2
f 450/4/2 454/2/2 455/5/2
f 455/5/2 456/7/2 457/6/2
f 455/5/2 457/6/2 458/8/2
f 452/1/2 450/4/2 451/9/2
f 449/10/2 450/4/2 455/5/2
f 449/10/2 455/5/2 458/8/2
f 463/11/2 464/13/2 465/12/2
f 463/11/2 465/12/2 468/14/2
f 468/14/2 465/12/2 466/15/2
f 463/11/2 468/14/2 469/8/2
f 467/16/2 468/14/2 466/15/2
f 463/11/2 469/8/2 461/17/2
f 461/17/2 469/8/2 467/16/2
f 461/17/2 467/16/2 460/18/2
f 460/18/2 467/16/2 466/15/2
f 463/11/2 461/17/2 462/19/2
f 459/10/2 460/18/2 466/15/2
f 478/20/2 479/22/2 480/21/2
f 478/20/2 480/21/2 476/23/2
f 476/23/2 480/21/2 475/24/2
f 475/24/2 480/21/2 481/25/2
f 481/25/2 482/27/2 483/26/2
f 481/25/2 483/26/2 472/28/2
f 472/28/2 483/26/2 471/29/2
f 471/29/2 483/26/2 484/8/2
f 478/20/2 476/23/2 477/13/2
f 474/30/2 475/24/2 481/25/2
f 481/25/2 472/28/2 473/31/2
f 470/10/2 471/29/2 484/8/2
f 474/30/2 481/25/2 473/31/2
f 508/32/2 509/34/2 510/33/2
f 508/32/2 510/33/2 511/35/2
f 559/36/2 560/38/2 561/37/2
f 559/36/2 561/37/2 562/8/2
f 558/39/2 559/36/2 562/8/2
f 508/32/2 511/35/2 512/40/2
f 557/41/2 558/39/2 562/8/2
f 557/41/2 562/8/2 485/10/2
f 508/32/2 512/40/2 513/42/2
f 507/30/2 508/32/2 513/42/2
f 556/43/2 557/41/2 485/10/2
f 507/30/2 513/42/2 514/44/2
f 555/45/2 556/43/2 485/10/2
f 507/30/2 514/44/2 515/46/2
f 555/45/2 485/10/2 486/47/2
f 554/48/2 555/45/2 486/47/2
f 507/30/2 515/46/2 516/49/2
f 506/50/2 507/30/2 516/49/2
f 553/51/2 554/48/2 486/47/2
f 506/50/2 516/49/2 517/52/2
f 552/53/2 553/51/2 486/47/2
f 506/50/2 517/52/2 518/23/2
f 552/53/2 486/47/2 487/54/2
f 551/27/2 552/53/2 487/54/2
f 506/50/2 518/23/2 519/55/2
f 550/56/2 551/27/2 487/54/2
f 505/57/2 506/50/2 519/55/2
f 505/57/2 519/55/2 520/58/2
f 549/59/2 550/56/2 487/54/2
f 505/57/2 520/58/2 521/60/2
f 505/57/2 521/60/2 522/61/2
f 548/62/2 549/59/2 487/54/2
f 548/62/2 487/54/2 488/63/2
f 505/57/2 522/61/2 523/64/2
f 547/65/2 548/62/2 488/63/2
f 505/57/2 523/64/2 524/66/2
f 504/67/2 505/57/2 524/66/2
f 546/68/2 547/65/2 488/63/2
f 504/67/2 524/66/2 525/69/2
f 545/70/2 546/68/2 488/63/2
f 545/70/2 488/63/2 489/71/2
f 504/67/2 525/69/2 526/72/2
f 544/73/2 545/70/2 489/71/2
f 543/74/2 544/73/2 489/71/2
f 504/67/2 526/72/2 527/75/2
f 542/76/2 543/74/2 489/71/2
f 504/67/2 527/75/2 528/77/2
f 503/78/2 504/67/2 528/77/2
f 541/79/2 542/76/2 489/71/2
f 503/78/2 528/77/2 529/20/2
f 540/21/2 541/79/2 489/71/2
f 503/78/2 529/20/2 530/80/2
f 540/21/2 489/71/2 490/81/2
f 539/82/2 540/21/2 490/81/2
f 503/78/2 530/80/2 531/83/2
f 538/84/2 539/82/2 490/81/2
f 503/78/2 531/83/2 532/85/2
f 537/86/2 538/84/2 490/81/2
f 503/78/2 532/85/2 533/87/2
f 536/88/2 537/86/2 490/81/2
f 503/78/2 533/87/2 534/89/2
f 535/90/2 536/88/2 490/81/2
f 503/78/2 534/89/2 535/90/2
f 503/78/2 535/90/2 490/81/2
f 502/91/2 503/78/2 490/81/2
f 502/91/2 490/81/2 491/92/2
f 501/93/2 502/91/2 491/92/2
f 501/93/2 491/92/2 492/94/2
f 500/95/2 501/93/2 492/94/2
f 500/95/2 492/94/2 493/96/2
f 499/97/2 500/95/2 493/96/2
f 499/97/2 493/96/2 494/98/2
f 498/99/2 499/97/2 494/98/2
f 498/99/2 494/98/2 495/100/2
f 497/101/2 498/99/2 495/100/2
f 497/101/2 495/100/2 496/28/2
f 627/102/2 628/104/2 655/103/2
f 655/103/2 628/104/2 629/105/2
f 655/103/2 629/105/2 563/10/2
f 655/103/2 563/10/2 564/106/2
f 655/103/2 564/106/2 565/107/2
f 655/103/2 565/107/2 566/108/2
f 655/103/2 566/108/2 567/109/2
f 655/103/2 567/109/2 568/110/2
f 655/103/2 568/110/2 569/111/2
f 655/103/2 569/111/2 654/112/2
f 654/112/2 569/111/2 570/113/2
f 627/102/2 655/103/2 656/8/2
f 653/114/2 654/112/2 570/113/2
f 652/115/2 653/114/2 570/113/2
f 651/116/2 652/115/2 570/113/2
f 651/116/2 570/113/2 571/117/2
f 650/118/2 651/116/2 571/117/2
f 649/119/2 650/118/2 571/117/2
f 648/120/2 649/119/2 571/117/2
f 648/120/2 571/117/2 572/121/2
f 647/122/2 648/120/2 572/121/2
f 646/123/2 647/122/2 572/121/2
f 645/124/2 646/123/2 572/121/2
f 645/124/2 572/121/2 573/125/2
f 644/126/2 645/124/2 573/125/2
f 643/127/2 644/126/2 573/125/2
f 643/127/2 573/125/2 574/128/2
f 642/129/2 643/127/2 574/128/2
f 641/130/2 642/129/2 574/128/2
f 641/130/2 574/128/2 575/131/2
f 640/132/2 641/130/2 575/131/2
f 640/132/2 575/131/2 576/133/2
f 639/134/2 640/132/2 576/133/2
f 638/135/2 639/134/2 576/133/2
f 638/135/2 576/133/2 577/136/2
f 637/137/2 638/135/2 577/136/2
f 637/137/2 577/136/2 578/138/2
f 636/139/2 637/137/2 578/138/2
f 636/139/2 578/138/2 579/140/2
f 635/141/2 636/139/2 579/140/2
f 634/142/2 635/141/2 579/140/2
f 634/142/2 579/140/2 580/143/2
f 633/144/2 634/142/2 580/143/2
f 632/145/2 633/144/2 580/143/2
f 632/145/2 580/143/2 581/146/2
f 631/147/2 632/145/2 581/146/2
f 630/148/2 631/147/2 581/146/2
f 627/102/2 656/8/2 625/5/2
f 625/5/2 656/8/2 630/148/2
f 625/5/2 630/148/2 581/146/2
f 625/5/2 581/146/2 582/149/2
f 625/5/2 582/149/2 583/150/2
f 625/5/2 583/150/2 584/151/2
f 625/5/2 584/151/2 585/152/2
f 625/5/2 585/152/2 586/153/2
f 625/5/2 586/153/2 587/154/2
f 625/5/2 587/154/2 588/155/2
f 625/5/2 588/155/2 624/156/2
f 624/156/2 588/155/2 623/157/2
f 623/157/2 588/155/2 589/158/2
f 627/102/2 625/5/2 626/159/2
f 622/160/2 623/157/2 589/158/2
f 621/161/2 622/160/2 589/158/2
f 620/162/2 621/161/2 589/158/2
f 620/162/2 589/158/2 590/163/2
f 619/164/2 620/162/2 590/163/2
f 618/165/2 619/164/2 590/163/2
f 618/165/2 590/163/2 591/166/2
f 617/167/2 618/165/2 591/166/2
f 617/167/2 591/166/2 592/168/2
f 616/169/2 617/167/2 592/168/2
f 616/169/2 592/168/2 593/170/2
f 615/171/2 616/169/2 593/170/2
f 615/171/2 593/170/2 594/1/2
f 614/172/2 615/171/2 594/1/2
f 614/172/2 594/1/2 595/173/2
f 613/174/2 614/172/2 595/173/2
f 613/174/2 595/173/2 596/175/2
f 613/174/2 596/175/2 597/176/2
f 612/177/2 613/174/2 597/176/2
f 612/177/2 597/176/2 598/178/2
f 611/179/2 612/177/2 598/178/2
f 611/179/2 598/178/2 599/180/2
f 611/179/2 599/180/2 600/181/2
f 611/179/2 600/181/2 601/182/2
f 611/179/2 601/182/2 602/183/2
f 611/179/2 602/183/2 603/184/2
f 611/179/2 603/184/2 604/185/2
f 611/179/2 604/185/2 605/186/2
f 611/179/2 605/186/2 606/187/2
f 611/179/2 606/187/2 607/188/2
f 611/179/2 607/188/2 608/189/2
f 611/179/2 608/189/2 609/190/2
f 611/179/2 609/190/2 610/191/2
f 661/11/2 662/13/2 663/12/2
f 661/11/2 663/12/2 666/14/2
f 666/14/2 663/12/2 664/15/2
f 661/11/2 666/14/2 667/8/2
f 665/16/2 666/14/2 664/15/2
f 661/11/2 667/8/2 659/17/2
f 659/17/2 667/8/2 665/16/2
f 659/17/2 665/16/2 658/18/2
f 658/18/2 665/16/2 664/15/2
f 661/11/2 659/17/2 660/19/2
f 657/10/2 658/18/2 664/15/2
f 718/192/2 719/194/2 745/193/2
f 745/193/2 719/194/2 668/10/2
f 745/193/2 668/10/2 669/195/2
f 745/193/2 669/195/2 670/196/2
f 745/193/2 670/196/2 671/197/2
f 745/193/2 671/197/2 672/198/2
f 745/193/2 672/198/2 673/199/2
f 745/193/2 673/199/2 674/200/2
f 745/193/2 674/200/2 675/201/2
f 745/193/2 675/201/2 744/202/2
f 744/202/2 675/201/2 676/203/2
f 718/192/2 745/193/2 746/204/2
f 743/21/2 744/202/2 676/203/2
f 742/205/2 743/21/2 676/203/2
f 742/205/2 676/203/2 677/206/2
f 741/207/2 742/205/2 677/206/2
f 740/208/2 741/207/2 677/206/2
f 739/209/2 740/208/2 677/206/2
f 738/5/2 739/209/2 677/206/2
f 738/5/2 677/206/2 678/210/2
f 737/211/2 738/5/2 678/210/2
f 736/212/2 737/211/2 678/210/2
f 736/212/2 678/210/2 679/213/2
f 735/214/2 736/212/2 679/213/2
f 734/215/2 735/214/2 679/213/2
f 734/215/2 679/213/2 680/216/2
f 733/217/2 734/215/2 680/216/2
f 732/218/2 733/217/2 680/216/2
f 732/218/2 680/216/2 681/219/2
f 731/12/2 732/218/2 681/219/2
f 731/12/2 681/219/2 682/220/2
f 730/221/2 731/12/2 682/220/2
f 730/221/2 682/220/2 683/28/2
f 729/222/2 730/221/2 683/28/2
f 729/222/2 683/28/2 684/223/2
f 728/20/2 729/222/2 684/223/2
f 728/20/2 684/223/2 685/224/2
f 727/225/2 728/20/2 685/224/2
f 727/225/2 685/224/2 686/226/2
f 726/227/2 727/225/2 686/226/2
f 726/227/2 686/226/2 687/228/2
f 725/229/2 726/227/2 687/228/2
f 724/230/2 725/229/2 687/228/2
f 724/230/2 687/228/2 688/231/2
f 723/232/2 724/230/2 688/231/2
f 723/232/2 688/231/2 689/17/2
f 722/233/2 723/232/2 689/17/2
f 721/234/2 722/233/2 689/17/2
f 720/235/2 721/234/2 689/17/2
f 718/192/2 746/204/2 772/236/2
f 772/236/2 746/204/2 720/235/2
f 772/236/2 720/235/2 689/17/2
f 772/236/2 689/17/2 690/237/2
f 772/236/2 690/237/2 691/238/2
f 772/236/2 691/238/2 692/239/2
f 772/236/2 692/239/2 693/240/2
f 772/236/2 693/240/2 694/241/2
f 772/236/2 694/241/2 695/242/2
f 772/236/2 695/242/2 696/243/2
f 772/236/2 696/243/2 697/244/2
f 772/236/2 697/244/2 698/30/2
f 772/236/2 698/30/2 771/245/2
f 771/245/2 698/30/2 699/246/2
f 718/192/2 772/236/2 773/8/2
f 770/247/2 771/245/2 699/246/2
f 769/248/2 770/247/2 699/246/2
f 768/249/2 769/248/2 699/246/2
f 768/249/2 699/246/2 700/250/2
f 767/251/2 768/249/2 700/250/2
f 766/252/2 767/251/2 700/250/2
f 766/252/2 700/250/2 701/253/2
f 765/254/2 766/252/2 701/253/2
f 764/255/2 765/254/2 701/253/2
f 764/255/2 701/253/2 702/256/2
f 763/257/2 764/255/2 702/256/2
f 762/258/2 763/257/2 702/256/2
f 762/258/2 702/256/2 703/1/2
f 761/259/2 762/258/2 703/1/2
f 761/259/2 703/1/2 704/260/2
f 760/261/2 761/259/2 704/260/2
f 759/262/2 760/261/2 704/260/2
f 759/262/2 704/260/2 705/263/2
f 758/27/2 759/262/2 705/263/2
f 757/264/2 758/27/2 705/263/2
f 757/264/2 705/263/2 706/265/2
f 756/266/2 757/264/2 706/265/2
f 756/266/2 706/265/2 707/267/2
f 755/268/2 756/266/2 707/267/2
f 754/269/2 755/268/2 707/267/2
f 754/269/2 707/267/2 708/270/2
f 753/271/2 754/269/2 708/270/2
f 752/16/2 753/271/2 708/270/2
f 752/16/2 708/270/2 709/272/2
f 751/273/2 752/16/2 709/272/2
f 750/274/2 751/273/2 709/272/2
f 749/275/2 750/274/2 709/272/2
f 749/275/2 709/272/2 710/11/2
f 748/276/2 749/275/2 710/11/2
f 747/277/2 748/276/2 710/11/2
f 718/192/2 773/8/2 747/277/2
f 718/192/2 747/277/2 710/11/2
f 718/192/2 710/11/2 711/278/2
f 718/192/2 711/278/2 712/279/2
f 718/192/2 712/279/2 713/23/2
f 718/192/2 713/23/2 714/280/2
f 718/192/2 714/280/2 715/281/2
f 718/192/2 715/281/2 716/282/2
f 718/192/2 716/282/2 717/283/2
f 777/1/2 778/3/2 779/2/2
f 777/1/2 779/2/2 775/4/2
f 775/4/2 779/2/2 780/5/2
f 780/5/2 781/7/2 782/6/2
f 780/5/2 782/6/2 783/8/2
f 777/1/2 775/4/2 776/9/2
f 774/10/2 775/4/2 780/5/2
f 774/10/2 780/5/2 783/8/2
f 788/11/2 789/13/2 790/12/2
f 788/11/2 790/12/2 793/14/2
f 793/14/2 790/12/2 791/15/2
f 788/11/2 793/14/2 794/8/2
f 792/16/2 793/14/2 791/15/2
f 788/11/2 794/8/2 786/17/2
f 786/17/2 794/8/2 792/16/2
f 786/17/2 792/16/2 785/18/2
f 785/18/2 792/16/2 791/15/2
f 788/11/2 786/17/2 787/19/2
f 784/10/2 785/18/2 791/15/2
f 829/284/2 830/286/2 831/285/2
f 829/284/2 831/285/2 832/287/2
f 829/284/2 832/287/2 833/288/2
f 829/284/2 833/288/2 834/289/2
f 828/290/2 829/284/2 834/289/2
f 828/290/2 834/289/2 835/291/2
f 828/290/2 835/291/2 836/292/2
f 828/290/2 836/292/2 837/293/2
f 827/294/2 828/290/2 837/293/2
f 827/294/2 837/293/2 838/295/2
f 827/294/2 838/295/2 839/296/2
f 826/297/2 827/294/2 839/296/2
f 826/297/2 839/296/2 840/298/2
f 826/297/2 840/298/2 841/299/2
f 825/300/2 826/297/2 841/299/2
f 825/300/2 841/299/2 842/301/2
f 825/300/2 842/301/2 853/302/2
f 853/302/2 842/301/2 852/303/2
f 852/303/2 842/301/2 851/304/2
f 851/304/2 842/301/2 850/305/2
f 850/305/2 842/301/2 849/306/2
f 849/306/2 842/301/2 848/307/2
f 848/307/2 842/301/2 847/308/2
f 847/308/2 842/301/2 846/309/2
f 846/309/2 842/301/2 845/310/2
f 845/310/2 842/301/2 844/311/2
f 844/311/2 842/301/2 843/312/2
f 824/313/2 825/300/2 855/314/2
f 855/314/2 825/300/2 854/315/2
f 854/315/2 825/300/2 853/302/2
f 824/313/2 855/314/2 856/316/2
f 824/313/2 856/316/2 857/317/2
f 824/313/2 857/317/2 858/318/2
f 823/319/2 824/313/2 858/318/2
f 823/319/2 858/318/2 859/320/2
f 823/319/2 859/320/2 860/321/2
f 822/322/2 823/319/2 860/321/2
f 822/322/2 860/321/2 861/323/2
f 822/322/2 861/323/2 862/324/2
f 821/325/2 822/322/2 862/324/2
f 821/325/2 862/324/2 863/326/2
f 820/327/2 821/325/2 863/326/2
f 820/327/2 863/326/2 864/328/2
f 820/327/2 864/328/2 865/329/2
f 819/330/2 820/327/2 865/329/2
f 819/330/2 865/329/2 866/331/2
f 818/332/2 819/330/2 866/331/2
f 818/332/2 866/331/2 867/333/2
f 818/332/2 867/333/2 868/334/2
f 817/335/2 818/332/2 868/334/2
f 893/336/2 894/338/2 895/337/2
f 893/336/2 895/337/2 892/339/2
f 892/339/2 895/337/2 896/8/2
f 817/335/2 868/334/2 869/340/2
f 816/341/2 817/335/2 869/340/2
f 816/341/2 869/340/2 870/342/2
f 891/343/2 892/339/2 896/8/2
f 815/344/2 816/341/2 870/342/2
f 815/344/2 870/342/2 871/345/2
f 815/344/2 871/345/2 872/346/2
f 814/347/2 815/344/2 872/346/2
f 814/347/2 872/346/2 873/348/2
f 813/349/2 814/347/2 873/348/2
f 813/349/2 873/348/2 874/350/2
f 813/349/2 874/350/2 875/351/2
f 812/352/2 813/349/2 875/351/2
f 812/352/2 875/351/2 876/353/2
f 890/354/2 891/343/2 896/8/2
f 889/355/2 890/354/2 896/8/2
f 888/356/2 889/355/2 896/8/2
f 812/352/2 876/353/2 877/357/2
f 887/358/2 888/356/2 896/8/2
f 886/359/2 887/358/2 896/8/2
f 885/360/2 886/359/2 896/8/2
f 812/352/2 877/357/2 878/361/2
f 811/362/2 812/352/2 878/361/2
f 884/363/2 885/360/2 896/8/2
f 883/364/2 884/363/2 896/8/2
f 882/365/2 883/364/2 896/8/2
f 811/362/2 878/361/2 879/366/2
f 881/367/2 882/365/2 896/8/2
f 880/368/2 881/367/2 896/8/2
f 879/366/2 880/368/2 896/8/2
f 811/362/2 879/366/2 896/8/2
f 810/369/2 811/362/2 896/8/2
f 810/369/2 896/8/2 795/10/2
f 810/369/2 795/10/2 796/370/2
f 809/371/2 810/369/2 796/370/2
f 809/371/2 796/370/2 797/372/2
f 809/371/2 797/372/2 798/373/2
f 808/374/2 809/371/2 798/373/2
f 808/374/2 798/373/2 799/375/2
f 808/374/2 799/375/2 800/376/2
f 808/374/2 800/376/2 801/377/2
f 807/378/2 808/374/2 801/377/2
f 807/378/2 801/377/2 802/379/2
f 807/378/2 802/379/2 803/380/2
f 807/378/2 803/380/2 804/381/2
f 806/382/2 807/378/2 804/381/2
f 806/382/2 804/381/2 805/383/2
s 1
f 898/384/3 900/385/4 899/386/4 897/10/3
f 900/385/4 902/387/5 901/388/5 899/386/4
f 902/387/5 904/389/6 903/390/6 901/388/5
f 904/389/6 906/391/7 905/392/7 903/390/6
f 906/391/7 908/393/8 907/394/8 905/392/7
f 908/393/8 910/395/9 909/396/9 907/394/8
f 910/395/9 912/397/10 911/398/10 909/396/9
f 912/397/10 914/399/11 913/400/11 911/398/10
f 914/399/11 916/401/12 915/402/12 913/400/11
f 916/401/12 918/403/13 917/404/13 915/402/12
f 918/403/13 920/405/14 919/406/14 917/404/13
f 920/405/14 922/407/15 921/408/15 919/406/14
f 922/407/15 924/409/16 923/410/16 921/408/15
f 924/409/16 926/411/17 925/412/17 923/410/16
f 926/411/17 928/413/18 927/414/18 925/412/17
f 928/413/18 930/415/19 929/416/19 927/414/18
f 930/415/19 932/417/20 931/418/20 929/416/19
f 932/417/20 934/419/21 933/420/21 931/418/20
f 934/419/21 936/421/22 935/422/22 933/420/21
f 936/421/22 938/423/23 937/424/23 935/422/22
f 938/423/23 940/425/24 939/426/24 937/424/23
f 940/425/24 942/427/25 941/428/25 939/426/24
f 942/427/25 944/429/26 943/430/26 941/428/25
f 944/429/26 946/431/27 945/432/27 943/430/26
f 946/431/27 948/433/28 947/434/28 945/432/27
f 948/433/28 950/435/29 949/436/29 947/434/28
f 950/435/29 952/437/30 951/438/30 949/436/29
f 952/437/30 954/439/31 953/440/31 951/438/30
f 954/439/31 956/441/32 955/442/32 953/440/31
f 956/441/32 958/443/33 957/444/33 955/442/32
f 958/443/33 960/445/34 959/446/34 957/444/33
f 960/445/34 962/447/35 961/448/35 959/446/34
f 962/447/35 964/449/36 963/450/36 961/448/35
f 964/449/36 966/451/37 965/1/37 963/450/36
f 966/451/37 968/452/38 967/453/38 965/1/37
f 968/452/38 970/454/39 969/455/39 967/453/38
f 970/454/39 972/456/40 971/457/40 969/455/39
f 972/456/40 974/458/41 973/459/41 971/457/40
f 974/458/41 976/460/42 975/461/42 973/459/41
f 976/460/42 978/462/43 977/463/43 975/461/42
f 978/462/43 980/464/44 979/465/44 977/463/43
f 980/464/44 982/466/45 981/467/45 979/465/44
f 982/466/45 984/468/46 983/469/46 981/467/45
f 984/468/46 986/470/47 985/471/47 983/469/46
f 986/470/47 988/472/48 987/473/48 985/471/47
f 988/472/48 990/474/49 989/475/49 987/473/48
f 990/474/49 992/476/50 991/477/50 989/475/49
f 992/476/50 994/478/51 993/479/51 991/477/50
f 994/478/51 996/480/52 995/481/52 993/479/51
f 996/480/52 998/482/53 997/483/53 995/481/52
f 998/482/53 1000/484/54 999/13/54 997/483/53
f 1000/484/54 1002/485/55 1001/486/55 999/13/54
f 1002/485/55 1004/487/56 1003/488/56 1001/486/55
f 1004/487/56 1006/489/57 1005/490/57 1003/488/56
f 1006/489/57 1008/491/58 1007/492/58 1005/490/57
f 1008/491/58 1010/493/59 1009/494/59 1007/492/58
f 1010/493/59 1012/495/60 1011/496/60 1009/494/59
f 1012/495/60 1014/497/61 1013/498/61 1011/496/60
f 1014/497/61 1016/499/62 1015/500/62 1013/498/61
f 1016/499/62 1018/501/63 1017/502/63 1015/500/62
f 1018/501/63 1020/503/64 1019/504/64 1017/502/63
f 1020/503/64 1022/505/65 1021/506/65 1019/504/64
f 1022/505/65 1024/507/66 1023/508/66 1021/506/65
f 1024/507/66 1026/509/67 1025/510/67 1023/508/66
f 1026/509/67 1028/511/68 1027/512/68 1025/510/67
f 1028/511/68 1030/513/69 1029/514/69 1027/512/68
f 1030/513/69 1032/515/70 1031/516/70 1029/514/69
f 1032/515/70 1034/517/71 1033/5/71 1031/516/70
f 1034/517/71 1036/518/72 1035/519/72 1033/5/71
f 1036/518/72 1038/520/73 1037/521/73 1035/519/72
f 1038/520/73 1040/522/74 1039/523/74 1037/521/73
f 1040/522/74 1042/524/75 1041/525/75 1039/523/74
f 1042/524/75 1044/526/76 1043/527/76 1041/525/75
f 1044/526/76 1046/528/77 1045/529/77 1043/527/76
f 1046/528/77 1048/530/78 1047/531/78 1045/529/77
f 1048/530/78 1050/532/79 1049/533/79 1047/531/78
f 1050/532/79 1052/534/80 1051/535/80 1049/533/79
f 1052/534/80 1054/536/81 1053/537/81 1051/535/80
f 1054/536/81 1056/538/82 1055/539/82 1053/537/81
f 1056/538/82 1058/540/83 1057/541/83 1055/539/82
f 1058/540/83 1060/542/84 1059/543/84 1057/541/83
f 1060/542/84 1062/544/85 1061/545/85 1059/543/84
f 1062/544/85 1064/546/86 1063/547/86 1061/545/85
f 1064/546/86 1066/548/87 1065/549/87 1063/547/86
f 1066/548/87 1068/550/88 1067/551/88 1065/549/87
f 1068/550/88 1070/552/89 1069/553/89 1067/551/88
f 1070/552/89 1072/554/90 1071/555/90 1069/553/89
f 1072/554/90 1074/556/91 1073/557/91 1071/555/90
f 1074/556/91 1076/558/92 1075/559/92 1073/557/91
f 1076/558/92 1078/560/93 1077/561/93 1075/559/92
f 1078/560/93 1080/562/94 1079/563/94 1077/561/93
f 1080/562/94 1082/564/95 1081/565/95 1079/563/94
f 1082/564/95 1084/566/96 1083/567/96 1081/565/95
f 1084/566/96 1086/568/97 1085/569/97 1083/567/96
f 1086/568/97 1088/570/98 1087/571/98 1085/569/97
f 1088/570/98 1090/572/99 1089/573/99 1087/571/98
f 1090/572/99 1092/574/100 1091/575/100 1089/573/99
f 1092/574/100 1094/576/100 1093/577/100 1091/575/100
f 1094/576/100 1096/578/101 1095/579/101 1093/577/100
f 1096/578/101 1098/580/102 1097/581/102 1095/579/101
f 1098/580/102 1100/582/103 1099/583/103 1097/581/102
f 1100/582/103 898/584/3 897/8/3 1099/583/103
f 1102/384/104 1104/585/104 1103/586/104 1101/10/104
f 1104/585/104 1106/587/105 1105/588/105 1103/586/104
f 1106/587/105 1108/589/105 1107/590/105 1105/588/105
f 1108/589/105 1110/484/106 1109/13/106 1107/590/105
f 1110/484/106 1112/591/107 1111/592/107 1109/13/106
f 1112/591/107 1114/593/108 1113/594/108 1111/592/107
f 1114/593/108 1116/595/109 1115/596/109 1113/594/108
f 1116/595/109 1102/584/104 1101/8/104 1115/596/109
f 1118/384/110 1120/451/111 1119/1/111 1117/10/110
f 1120/451/111 1122/517/112 1121/5/112 1119/1/111
f 1122/517/112 1118/584/110 1117/8/110 1121/5/112
f 1124/384/113 1126/597/114 1125/18/114 1123/10/113
f 1126/597/114 1128/598/115 1127/17/115 1125/18/114
f 1128/598/115 1130/599/100 1129/19/100 1127/17/115
f 1130/599/100 1132/600/101 1131/11/101 1129/19/100
f 1132/600/101 1134/484/116 1133/13/116 1131/11/101
f 1134/484/116 1136/601/117 1135/12/117 1133/13/116
f 1136/601/117 1138/602/101 1137/15/101 1135/12/117
f 1138/602/101 1140/603/102 1139/16/102 1137/15/101
f 1140/603/102 1142/604/115 1141/14/115 1139/16/102
f 1142/604/115 1124/584/113 1123/8/113 1141/14/115
f 1144/384/118 1146/605/119 1145/606/119 1143/10/118
f 1146/605/119 1148/607/120 1147/608/120 1145/606/119
f 1148/607/120 1150/609/121 1149/610/121 1147/608/120
f 1150/609/121 1152/611/122 1151/612/122 1149/610/121
f 1152/611/122 1154/613/123 1153/614/123 1151/612/122
f 1154/613/123 1156/615/124 1155/616/124 1153/614/123
f 1156/615/124 1158/617/125 1157/618/125 1155/616/124
f 1158/617/125 1160/619/126 1159/620/126 1157/618/125
f 1160/619/126 1162/621/127 1161/622/127 1159/620/126
f 1162/621/127 1164/623/128 1163/624/128 1161/622/127
f 1164/623/128 1166/625/129 1165/626/129 1163/624/128
f 1166/625/129 1168/627/130 1167/628/130 1165/626/129
f 1168/627/130 1170/587/131 1169/588/131 1167/628/130
f 1170/587/131 1172/629/132 1171/630/132 1169/588/131
f 1172/629/132 1174/631/133 1173/632/133 1171/630/132
f 1174/631/133 1176/633/134 1175/634/134 1173/632/133
f 1176/633/134 1178/635/135 1177/636/135 1175/634/134
f 1178/635/135 1180/637/136 1179/638/136 1177/636/135
f 1180/637/136 1182/639/137 1181/640/137 1179/638/136
f 1182/639/137 1184/641/138 1183/642/138 1181/640/137
f 1184/641/138 1186/643/139 1185/644/139 1183/642/138
f 1186/643/139 1188/645/140 1187/646/140 1185/644/139
f 1188/645/140 1190/647/141 1189/648/141 1187/646/140
f 1190/647/141 1192/649/142 1191/650/142 1189/648/141
f 1192/649/142 1194/651/143 1193/652/143 1191/650/142
f 1194/651/143 1196/484/144 1195/13/144 1193/652/143
f 1196/484/144 1198/653/145 1197/654/145 1195/13/144
f 1198/653/145 1200/655/146 1199/656/146 1197/654/145
f 1200/655/146 1202/657/147 1201/658/147 1199/656/146
f 1202/657/147 1204/659/148 1203/660/148 1201/658/147
f 1204/659/148 1206/661/149 1205/662/149 1203/660/148
f 1206/661/149 1208/663/150 1207/664/150 1205/662/149
f 1208/663/150 1210/665/151 1209/666/151 1207/664/150
f 1210/665/151 1212/667/152 1211/668/152 1209/666/151
f 1212/667/152 1214/669/153 1213/670/153 1211/668/152
f 1214/669/153 1216/671/154 1215/672/154 1213/670/153
f 1216/671/154 1218/673/155 1217/674/155 1215/672/154
f 1218/673/155 1220/675/156 1219/676/156 1217/674/155
f 1220/675/156 1222/593/157 1221/594/157 1219/676/156
f 1222/593/157 1224/677/158 1223/678/158 1221/594/157
f 1224/677/158 1226/679/159 1225/680/159 1223/678/158
f 1226/679/159 1228/681/160 1227/682/160 1225/680/159
f 1228/681/160 1230/683/161 1229/684/161 1227/682/160
f 1230/683/161 1232/685/162 1231/686/162 1229/684/161
f 1232/685/162 1234/687/163 1233/688/163 1231/686/162
f 1234/687/163 1236/689/164 1235/690/164 1233/688/163
f 1236/689/164 1238/691/165 1237/692/165 1235/690/164
f 1238/691/165 1240/693/166 1239/694/166 1237/692/165
f 1240/693/166 1242/695/167 1241/696/167 1239/694/166
f 1242/695/167 1244/697/100 1243/698/100 1241/696/167
f 1244/697/100 1246/699/101 1245/700/101 1243/698/100
f 1246/699/101 1144/584/118 1143/8/118 1245/700/101
f 1248/384/168 1250/701/169 1249/702/169 1247/10/168
f 1250/701/169 1252/703/170 1251/704/170 1249/702/169
f 1252/703/170 1254/705/171 1253/4/171 1251/704/170
f 1254/705/171 1256/706/172 1255/707/172 1253/4/171
f 1256/706/172 1258/708/173 1257/709/173 1255/707/172
f 1258/708/173 1260/710/174 1259/9/174 1257/709/173
f 1260/710/174 1262/711/175 1261/712/175 1259/9/174
f 1262/711/175 1264/713/176 1263/714/176 1261/712/175
f 1264/713/176 1266/451/177 1265/1/177 1263/714/176
f 1266/451/177 1268/715/178 1267/716/178 1265/1/177
f 1268/715/178 1270/717/179 1269/718/179 1267/716/178
f 1270/717/179 1272/719/180 1271/3/180 1269/718/179
f 1272/719/180 1274/720/181 1273/721/181 1271/3/180
f 1274/720/181 1276/722/182 1275/723/182 1273/721/181
f 1276/722/182 1278/724/183 1277/2/183 1275/723/182
f 1278/724/183 1280/725/184 1279/726/184 1277/2/183
f 1280/725/184 1282/727/185 1281/728/185 1279/726/184
f 1282/727/185 1284/517/186 1283/5/186 1281/728/185
f 1284/517/186 1286/729/187 1285/730/187 1283/5/186
f 1286/729/187 1288/731/188 1287/732/188 1285/730/187
f 1288/731/188 1290/733/189 1289/7/189 1287/732/188
f 1290/733/189 1292/734/190 1291/735/190 1289/7/189
f 1292/734/190 1294/736/191 1293/737/191 1291/735/190
f 1294/736/191 1296/738/192 1295/6/192 1293/737/191
f 1296/738/192 1298/739/115 1297/740/115 1295/6/192
f 1298/739/115 1300/741/102 1299/742/102 1297/740/115
f 1300/741/102 1248/584/168 1247/8/168 1299/742/102
f 1302/384/193 1304/701/194 1303/702/194 1301/10/193
f 1304/701/194 1306/703/195 1305/704/195 1303/702/194
f 1306/703/195 1308/705/196 1307/4/196 1305/704/195
f 1308/705/196 1310/706/197 1309/707/197 1307/4/196
f 1310/706/197 1312/708/198 1311/709/198 1309/707/197
f 1312/708/198 1314/710/199 1313/9/199 1311/709/198
f 1314/710/199 1316/711/200 1315/712/200 1313/9/199
f 1316/711/200 1318/713/201 1317/714/201 1315/712/200
f 1318/713/201 1320/451/202 1319/1/202 1317/714/201
f 1320/451/202 1322/715/203 1321/716/203 1319/1/202
f 1322/715/203 1324/717/204 1323/718/204 1321/716/203
f 1324/717/204 1326/719/205 1325/3/205 1323/718/204
f 1326/719/205 1328/720/206 1327/721/206 1325/3/205
f 1328/720/206 1330/722/207 1329/723/207 1327/721/206
f 1330/722/207 1332/724/208 1331/2/208 1329/723/207
f 1332/724/208 1334/725/209 1333/726/209 1331/2/208
f 1334/725/209 1336/727/210 1335/728/210 1333/726/209
f 1336/727/210 1338/517/211 1337/5/211 1335/728/210
f 1338/517/211 1340/729/212 1339/730/212 1337/5/211
f 1340/729/212 1342/731/213 1341/732/213 1339/730/212
f 1342/731/213 1344/733/214 1343/7/214 1341/732/213
f 1344/733/214 1346/734/215 1345/735/215 1343/7/214
f 1346/734/215 1348/736/216 1347/737/216 1345/735/215
f 1348/736/216 1350/738/217 1349/6/217 1347/737/216
f 1350/738/217 1352/739/115 1351/740/115 1349/6/217
f 1352/739/115 1354/741/102 1353/742/102 1351/740/115
f 1354/741/102 1302/584/193 1301/8/193 1353/742/102
f 1356/384/104 1358/585/104 1357/586/104 1355/10/104
f 1358/585/104 1360/587/105 1359/588/105 1357/586/104
f 1360/587/105 1362/589/105 1361/590/105 1359/588/105
f 1362/589/105 1364/484/106 1363/13/106 1361/590/105
f 1364/484/106 1366/591/107 1365/592/107 1363/13/106
f 1366/591/107 1368/593/108 1367/594/108 1365/592/107
f 1368/593/108 1370/595/109 1369/596/109 1367/594/108
f 1370/595/109 1356/584/104 1355/8/104 1369/596/109
f 1372/384/110 1374/451/111 1373/1/111 1371/10/110
f 1374/451/111 1376/517/112 1375/5/112 1373/1/111
f 1376/517/112 1372/584/110 1371/8/110 1375/5/112
f 1378/384/218 1380/743/219 1379/744/219 1377/10/218
f 1380/743/219 1382/745/220 1381/746/220 1379/744/219
f 1382/745/220 1384/747/221 1383/748/221 1381/746/220
f 1384/747/221 1386/749/222 1385/750/222 1383/748/221
f 1386/749/222 1388/751/223 1387/752/223 1385/750/222
f 1388/751/223 1390/753/224 1389/754/224 1387/752/223
f 1390/753/224 1392/755/225 1391/756/225 1389/754/224
f 1392/755/225 1394/757/226 1393/758/226 1391/756/225
f 1394/757/226 1396/759/227 1395/760/227 1393/758/226
f 1396/759/227 1398/761/228 1397/762/228 1395/760/227
f 1398/761/228 1400/763/229 1399/764/229 1397/762/228
f 1400/763/229 1402/765/230 1401/766/230 1399/764/229
f 1402/765/230 1404/767/231 1403/768/231 1401/766/230
f 1404/767/231 1406/769/232 1405/770/232 1403/768/231
f 1406/769/232 1408/771/233 1407/772/233 1405/770/232
f 1408/771/233 1410/773/234 1409/774/234 1407/772/233
f 1410/773/234 1412/775/235 1411/776/235 1409/774/234
f 1412/775/235 1414/777/236 1413/778/236 1411/776/235
f 1414/777/236 1416/779/237 1415/780/237 1413/778/236
f 1416/779/237 1418/781/238 1417/782/238 1415/780/237
f 1418/781/238 1420/783/239 1419/784/239 1417/782/238
f 1420/783/239 1422/785/240 1421/786/240 1419/784/239
f 1422/785/240 1424/787/241 1423/788/241 1421/786/240
f 1424/787/241 1426/789/242 1425/790/242 1423/788/241
f 1426/789/242 1428/791/243 1427/792/243 1425/790/242
f 1428/791/243 1430/793/244 1429/794/244 1427/792/243
f 1430/793/244 1432/795/245 1431/796/245 1429/794/244
f 1432/795/245 1434/797/246 1433/798/246 1431/796/245
f 1434/797/246 1436/799/247 1435/800/247 1433/798/246
f 1436/799/247 1438/801/248 1437/802/248 1435/800/247
f 1438/801/248 1440/803/249 1439/804/249 1437/802/248
f 1440/803/249 1442/805/250 1441/806/250 1439/804/249
f 1442/805/250 1444/807/251 1443/808/251 1441/806/250
f 1444/807/251 1446/809/252 1445/810/252 1443/808/251
f 1446/809/252 1448/811/253 1447/812/253 1445/810/252
f 1448/811/253 1450/813/254 1449/814/254 1447/812/253
f 1450/813/254 1452/815/255 1451/816/255 1449/814/254
f 1452/815/255 1454/817/256 1453/818/256 1451/816/255
f 1454/817/256 1456/819/257 1455/820/257 1453/818/256
f 1456/819/257 1458/821/258 1457/822/258 1455/820/257
f 1458/821/258 1460/823/259 1459/824/259 1457/822/258
f 1460/823/259 1462/825/260 1461/826/260 1459/824/259
f 1462/825/260 1464/827/261 1463/828/261 1461/826/260
f 1464/827/261 1466/829/262 1465/830/262 1463/828/261
f 1466/829/262 1468/831/263 1467/832/263 1465/830/262
f 1468/831/263 1470/833/264 1469/834/264 1467/832/263
f 1470/833/264 1472/835/265 1471/836/265 1469/834/264
f 1472/835/265 1474/837/266 1473/838/266 1471/836/265
f 1474/837/266 1476/839/267 1475/840/267 1473/838/266
f 1476/839/267 1478/841/268 1477/842/268 1475/840/267
f 1478/841/268 1480/843/269 1479/844/269 1477/842/268
f 1480/843/269 1482/845/270 1481/846/270 1479/844/269
f 1482/845/270 1484/847/271 1483/848/271 1481/846/270
f 1484/847/271 1486/849/272 1485/850/272 1483/848/271
f 1486/849/272 1488/851/273 1487/852/273 1485/850/272
f 1488/851/273 1490/853/274 1489/854/274 1487/852/273
f 1490/853/274 1492/855/275 1491/856/275 1489/854/274
f 1492/855/275 1494/857/276 1493/858/276 1491/856/275
f 1494/857/276 1496/859/277 1495/860/277 1493/858/276
f 1496/859/277 1498/861/278 1497/862/278 1495/860/277
f 1498/861/278 1500/863/279 1499/864/279 1497/862/278
f 1500/863/279 1502/865/115 1501/866/115 1499/864/279
f 1502/865/115 1504/867/115 1503/868/115 1501/866/115
f 1504/867/115 1506/869/100 1505/870/100 1503/868/115
f 1506/869/100 1508/871/101 1507/872/101 1505/870/100
f 1508/871/101 1510/873/280 1509/874/280 1507/872/101
f 1510/873/280 1378/584/218 1377/8/218 1509/874/280
f 1512/384/281 1514/701/282 1513/702/282 1511/10/281
f 1514/701/282 1516/703/283 1515/704/283 1513/702/282
f 1516/703/283 1518/705/284 1517/4/284 1515/704/283
f 1518/705/284 1520/706/285 1519/707/285 1517/4/284
f 1520/706/285 1522/708/286 1521/709/286 1519/707/285
f 1522/708/286 1524/710/287 1523/9/287 1521/709/286
f 1524/710/287 1526/711/288 1525/712/288 1523/9/287
f 1526/711/288 1528/713/289 1527/714/289 1525/712/288
f 1528/713/289 1530/451/290 1529/1/290 1527/714/289
f 1530/451/290 1532/715/291 1531/716/291 1529/1/290
f 1532/715/291 1534/717/292 1533/718/292 1531/716/291
f 1534/717/292 1536/719/293 1535/3/293 1533/718/292
f 1536/719/293 1538/720/294 1537/721/294 1535/3/293
f 1538/720/294 1540/722/295 1539/723/295 1537/721/294
f 1540/722/295 1542/724/296 1541/2/296 1539/723/295
f 1542/724/296 1544/725/297 1543/726/297 1541/2/296
f 1544/725/297 1546/727/298 1545/728/298 1543/726/297
f 1546/727/298 1548/517/299 1547/5/299 1545/728/298
f 1548/517/299 1550/729/300 1549/730/300 1547/5/299
f 1550/729/300 1552/731/301 1551/732/301 1549/730/300
f 1552/731/301 1554/733/302 1553/7/302 1551/732/301
f 1554/733/302 1556/734/303 1555/735/303 1553/7/302
f 1556/734/303 1558/736/304 1557/737/304 1555/735/303
f 1558/736/304 1560/738/305 1559/6/305 1557/737/304
f 1560/738/305 1562/739/115 1561/740/115 1559/6/305
f 1562/739/115 1564/741/102 1563/742/102 1561/740/115
f 1564/741/102 1512/584/281 1511/8/281 1563/742/102
f 1566/384/306 1568/875/307 1567/876/307 1565/10/306
f 1568/875/307 1570/877/308 1569/878/308 1567/876/307
f 1570/877/308 1572/607/309 1571/608/309 1569/878/308
f 1572/607/309 1574/879/310 1573/880/310 1571/608/309
f 1574/879/310 1576/881/311 1575/882/311 1573/880/310
f 1576/881/311 1578/611/312 1577/612/312 1575/882/311
f 1578/611/312 1580/883/313 1579/884/313 1577/612/312
f 1580/883/313 1582/885/314 1581/886/314 1579/884/313
f 1582/885/314 1584/615/315 1583/616/315 1581/886/314
f 1584/615/315 1586/887/11 1585/888/11 1583/616/315
f 1586/887/11 1588/889/316 1587/890/316 1585/888/11
f 1588/889/316 1590/619/317 1589/620/317 1587/890/316
f 1590/619/317 1592/417/318 1591/418/318 1589/620/317
f 1592/417/318 1594/891/319 1593/892/319 1591/418/318
f 1594/891/319 1596/623/320 1595/624/320 1593/892/319
f 1596/623/320 1598/893/321 1597/894/321 1595/624/320
f 1598/893/321 1600/895/322 1599/896/322 1597/894/321
f 1600/895/322 1602/627/323 1601/628/323 1599/896/322
f 1602/627/323 1604/897/324 1603/898/324 1601/628/323
f 1604/897/324 1606/899/325 1605/900/325 1603/898/324
f 1606/899/325 1608/629/326 1607/630/326 1605/900/325
f 1608/629/326 1610/901/327 1609/902/327 1607/630/326
f 1610/901/327 1612/903/328 1611/904/328 1609/902/327
f 1612/903/328 1614/633/101 1613/634/101 1611/904/328
f 1614/633/101 1616/905/102 1615/906/102 1613/634/101
f 1616/905/102 1618/451/329 1617/1/329 1615/906/102
f 1618/451/329 1620/637/330 1619/638/330 1617/1/329
f 1620/637/330 1622/907/331 1621/908/331 1619/638/330
f 1622/907/331 1624/909/332 1623/910/332 1621/908/331
f 1624/909/332 1626/641/333 1625/642/333 1623/910/332
f 1626/641/333 1628/911/334 1627/912/334 1625/642/333
f 1628/911/334 1630/913/335 1629/914/335 1627/912/334
f 1630/913/335 1632/645/336 1631/646/336 1629/914/335
f 1632/645/336 1634/915/337 1633/916/337 1631/646/336
f 1634/915/337 1636/917/338 1635/918/338 1633/916/337
f 1636/917/338 1638/649/339 1637/650/339 1635/918/338
f 1638/649/339 1640/919/340 1639/920/340 1637/650/339
f 1640/919/340 1642/921/341 1641/922/341 1639/920/340
f 1642/921/341 1644/484/342 1643/13/342 1641/922/341
f 1644/484/342 1646/923/343 1645/924/343 1643/13/342
f 1646/923/343 1648/925/344 1647/926/344 1645/924/343
f 1648/925/344 1650/655/345 1649/656/345 1647/926/344
f 1650/655/345 1652/927/346 1651/928/346 1649/656/345
f 1652/927/346 1654/929/347 1653/930/347 1651/928/346
f 1654/929/347 1656/659/46 1655/660/46 1653/930/347
f 1656/659/46 1658/931/348 1657/932/348 1655/660/46
f 1658/931/348 1660/933/349 1659/934/349 1657/932/348
f 1660/933/349 1662/663/350 1661/664/350 1659/934/349
f 1662/663/350 1664/935/351 1663/936/351 1661/664/350
f 1664/935/351 1666/937/352 1665/938/352 1663/936/351
f 1666/937/352 1668/667/353 1667/668/353 1665/938/352
f 1668/667/353 1670/517/354 1669/5/354 1667/668/353
f 1670/517/354 1672/939/92 1671/940/92 1669/5/354
f 1672/939/92 1674/671/355 1673/672/355 1671/940/92
f 1674/671/355 1676/941/356 1675/942/356 1673/672/355
f 1676/941/356 1678/943/357 1677/944/357 1675/942/356
f 1678/943/357 1680/675/358 1679/676/358 1677/944/357
f 1680/675/358 1682/945/359 1681/946/359 1679/676/358
f 1682/945/359 1684/947/360 1683/948/360 1681/946/359
f 1684/947/360 1686/677/361 1685/678/361 1683/948/360
f 1686/677/361 1688/949/362 1687/950/362 1685/678/361
f 1688/949/362 1690/951/363 1689/952/363 1687/950/362
f 1690/951/363 1692/681/364 1691/682/364 1689/952/363
f 1692/681/364 1694/953/365 1693/954/365 1691/682/364
f 1694/953/365 1696/550/366 1695/551/366 1693/954/365
f 1696/550/366 1698/685/367 1697/686/367 1695/551/366
f 1698/685/367 1700/955/368 1699/956/368 1697/686/367
f 1700/955/368 1702/957/369 1701/958/369 1699/956/368
f 1702/957/369 1704/689/370 1703/690/370 1701/958/369
f 1704/689/370 1706/959/371 1705/960/371 1703/690/370
f 1706/959/371 1708/961/372 1707/962/372 1705/960/371
f 1708/961/372 1710/693/373 1709/694/373 1707/962/372
f 1710/693/373 1712/963/374 1711/964/374 1709/694/373
f 1712/963/374 1714/965/375 1713/966/375 1711/964/374
f 1714/965/375 1716/697/101 1715/698/101 1713/966/375
f 1716/697/101 1718/967/102 1717/968/102 1715/698/101
f 1718/967/102 1720/969/376 1719/970/376 1717/968/102
f 1720/969/376 1566/584/306 1565/8/306 1719/970/376
f 1722/384/100 1724/971/100 1723/201/100 1721/10/100
f 1724/971/100 1726/972/377 1725/220/377 1723/201/100
f 1726/972/377 1728/598/377 1727/17/377 1725/220/377
f 1728/598/377 1730/973/378 1729/243/378 1727/17/377
f 1730/973/378 1732/451/378 1731/1/378 1729/243/378
f 1732/451/378 1734/600/115 1733/11/115 1731/1/378
f 1734/600/115 1736/974/115 1735/283/115 1733/11/115
f 1736/974/115 1738/975/100 1737/230/100 1735/283/115
f 1738/975/100 1740/601/101 1739/12/101 1737/230/100
f 1740/601/101 1742/517/379 1741/5/379 1739/12/101
f 1742/517/379 1744/976/380 1743/193/380 1741/5/379
f 1744/976/380 1746/603/381 1745/16/381 1743/193/380
f 1746/603/381 1748/977/102 1747/262/102 1745/16/381
f 1748/977/102 1750/978/115 1749/252/115 1747/262/102
f 1750/978/115 1722/584/100 1721/8/100 1749/252/115
f 1752/384/104 1754/585/104 1753/586/104 1751/10/104
f 1754/585/104 1756/587/105 1755/588/105 1753/586/104
f 1756/587/105 1758/589/105 1757/590/105 1755/588/105
f 1758/589/105 1760/484/106 1759/13/106 1757/590/105
f 1760/484/106 1762/591/107 1761/592/107 1759/13/106
f 1762/591/107 1764/593/108 1763/594/108 1761/592/107
f 1764/593/108 1766/595/109 1765/596/109 1763/594/108
f 1766/595/109 1752/584/104 1751/8/104 1765/596/109
f 1768/384/110 1770/451/111 1769/1/111 1767/10/110
f 1770/451/111 1772/517/112 1771/5/112 1769/1/111
f 1772/517/112 1768/584/110 1767/8/110 1771/5/112
f 1774/384/113 1776/597/114 1775/18/114 1773/10/113
f 1776/597/114 1778/598/115 1777/17/115 1775/18/114
f 1778/598/115 1780/599/100 1779/19/100 1777/17/115
f 1780/599/100 1782/600/101 1781/11/101 1779/19/100
f 1782/600/101 1784/484/116 1783/13/116 1781/11/101
f 1784/484/116 1786/601/117 1785/12/117 1783/13/116
f 1786/601/117 1788/602/101 1787/15/101 1785/12/117
f 1788/602/101 1790/603/102 1789/16/102 1787/15/101
f 1790/603/102 1792/604/115 1791/14/115 1789/16/102
f 1792/604/115 1774/584/113 1773/8/113 1791/14/115
